oktmo,region_name_project,category,category_name,measure,measure_name,model_crop,year,area_thousand_ha,total,weight_2016_total_sown
1000000000,Алтайский край,2,Сельскохозяйственные организации,P177D1000,"ячмень – всего, тыс. га",barley_total,2016,176.4,3195.8,0.05519744664872645
1000000000,Алтайский край,2,Сельскохозяйственные организации,P178D1000,"рапс – всего , тыс. га",rapeseed_total,2016,33.8,3195.8,0.010576381500719692
1000000000,Алтайский край,2,Сельскохозяйственные организации,Eod01540D1000,"Технические культуры: соя, тыс. га",soybean,2016,24.9,3195.8,0.007791476312660366
1000000000,Алтайский край,2,Сельскохозяйственные организации,Eod01537D1000,"Технические культуры: подсолнечник на зерно, тыс. га",sunflower_grain,2016,335.1,3195.8,0.104856373990863
1000000000,Алтайский край,2,Сельскохозяйственные организации,P175D1000,"пшеница – всего , тыс. га",wheat_total,2016,1281.5,3195.8,0.40099505601101443
10000000000,Амурская область,2,Сельскохозяйственные организации,P177D1000,"ячмень – всего, тыс. га",barley_total,2016,23.6,766.1,0.03080537788800418
10000000000,Амурская область,2,Сельскохозяйственные организации,Eod01510D1000,"Зерновые и зернобобовые культуры: кукуруза на зерно, тыс. га",maize_grain,2016,20.3,766.1,0.026497846234173086
10000000000,Амурская область,2,Сельскохозяйственные организации,P178D1000,"рапс – всего , тыс. га",rapeseed_total,2016,0.9,766.1,0.0011747813601357526
10000000000,Амурская область,2,Сельскохозяйственные организации,Eod01540D1000,"Технические культуры: соя, тыс. га",soybean,2016,557.2,766.1,0.7273201931862682
10000000000,Амурская область,2,Сельскохозяйственные организации,P175D1000,"пшеница – всего , тыс. га",wheat_total,2016,100.0,766.1,0.13053126223730582
14000000000,Белгородская область,2,Сельскохозяйственные организации,P177D1000,"ячмень – всего, тыс. га",barley_total,2016,149.7,1140.6,0.131246712256707
14000000000,Белгородская область,2,Сельскохозяйственные организации,Eod01510D1000,"Зерновые и зернобобовые культуры: кукуруза на зерно, тыс. га",maize_grain,2016,143.8,1140.6,0.1260739961423812
14000000000,Белгородская область,2,Сельскохозяйственные организации,Eod01540D1000,"Технические культуры: соя, тыс. га",soybean,2016,191.3,1140.6,0.16771874452042787
14000000000,Белгородская область,2,Сельскохозяйственные организации,Eod01537D1000,"Технические культуры: подсолнечник на зерно, тыс. га",sunflower_grain,2016,108.1,1140.6,0.09477467999298615
14000000000,Белгородская область,2,Сельскохозяйственные организации,P175D1000,"пшеница – всего , тыс. га",wheat_total,2016,256.7,1140.6,0.22505698755041206
18000000000,Владимирская область,2,Сельскохозяйственные организации,P177D1000,"ячмень – всего, тыс. га",barley_total,2016,174.3,1941.4,0.08978057072215927
18000000000,Владимирская область,2,Сельскохозяйственные организации,Eod01510D1000,"Зерновые и зернобобовые культуры: кукуруза на зерно, тыс. га",maize_grain,2016,53.2,1941.4,0.027402905120016485
18000000000,Владимирская область,2,Сельскохозяйственные организации,Eod01540D1000,"Технические культуры: соя, тыс. га",soybean,2016,9.9,1941.4,0.005099412794890285
18000000000,Владимирская область,2,Сельскохозяйственные организации,Eod01537D1000,"Технические культуры: подсолнечник на зерно, тыс. га",sunflower_grain,2016,398.7,1941.4,0.20536726073967237
18000000000,Владимирская область,2,Сельскохозяйственные организации,P175D1000,"пшеница – всего , тыс. га",wheat_total,2016,800.8,1941.4,0.4124858349644586
34000000000,Волгоградская область,2,Сельскохозяйственные организации,P177D1000,"ячмень – всего, тыс. га",barley_total,2016,6.3,154.7,0.04072398190045249
34000000000,Волгоградская область,2,Сельскохозяйственные организации,P178D1000,"рапс – всего , тыс. га",rapeseed_total,2016,1.6,154.7,0.010342598577892697
34000000000,Волгоградская область,2,Сельскохозяйственные организации,P175D1000,"пшеница – всего , тыс. га",wheat_total,2016,11.0,154.7,0.07110536522301229
20000000000,Воронежская область,2,Сельскохозяйственные организации,P177D1000,"ячмень – всего, тыс. га",barley_total,2016,269.8,1780.1,0.15156451884725577
20000000000,Воронежская область,2,Сельскохозяйственные организации,Eod01510D1000,"Зерновые и зернобобовые культуры: кукуруза на зерно, тыс. га",maize_grain,2016,150.3,1780.1,0.08443345879444976
20000000000,Воронежская область,2,Сельскохозяйственные организации,P178D1000,"рапс – всего , тыс. га",rapeseed_total,2016,0.8,1780.1,0.00044941295432840856
20000000000,Воронежская область,2,Сельскохозяйственные организации,Eod01540D1000,"Технические культуры: соя, тыс. га",soybean,2016,68.3,1780.1,0.038368630975787875
20000000000,Воронежская область,2,Сельскохозяйственные организации,Eod01537D1000,"Технические культуры: подсолнечник на зерно, тыс. га",sunflower_grain,2016,278.3,1780.1,0.15633953148699511
20000000000,Воронежская область,2,Сельскохозяйственные организации,P175D1000,"пшеница – всего , тыс. га",wheat_total,2016,499.1,1780.1,0.2803775068816359
3000000000,Краснодарский край,2,Сельскохозяйственные организации,P177D1000,"ячмень – всего, тыс. га",barley_total,2016,119.4,2475.1,0.04824047513231789
3000000000,Краснодарский край,2,Сельскохозяйственные организации,Eod01510D1000,"Зерновые и зернобобовые культуры: кукуруза на зерно, тыс. га",maize_grain,2016,331.0,2475.1,0.13373197042543736
3000000000,Краснодарский край,2,Сельскохозяйственные организации,P178D1000,"рапс – всего , тыс. га",rapeseed_total,2016,6.2,2475.1,0.0025049492949779806
3000000000,Краснодарский край,2,Сельскохозяйственные организации,Eod01540D1000,"Технические культуры: соя, тыс. га",soybean,2016,125.7,2475.1,0.050785826835279387
3000000000,Краснодарский край,2,Сельскохозяйственные организации,Eod01537D1000,"Технические культуры: подсолнечник на зерно, тыс. га",sunflower_grain,2016,269.9,2475.1,0.10904609914750919
3000000000,Краснодарский край,2,Сельскохозяйственные организации,P175D1000,"пшеница – всего , тыс. га",wheat_total,2016,1007.7,2475.1,0.4071350652498889
38000000000,Курская область,2,Сельскохозяйственные организации,P177D1000,"ячмень – всего, тыс. га",barley_total,2016,188.5,1248.8,0.1509449071108264
38000000000,Курская область,2,Сельскохозяйственные организации,Eod01510D1000,"Зерновые и зернобобовые культуры: кукуруза на зерно, тыс. га",maize_grain,2016,142.1,1248.8,0.11378923766816143
38000000000,Курская область,2,Сельскохозяйственные организации,P178D1000,"рапс – всего , тыс. га",rapeseed_total,2016,15.8,1248.8,0.01265214606021781
38000000000,Курская область,2,Сельскохозяйственные организации,Eod01540D1000,"Технические культуры: соя, тыс. га",soybean,2016,115.6,1248.8,0.092568866111467
38000000000,Курская область,2,Сельскохозяйственные организации,Eod01537D1000,"Технические культуры: подсолнечник на зерно, тыс. га",sunflower_grain,2016,104.5,1248.8,0.083680333119795
38000000000,Курская область,2,Сельскохозяйственные организации,P175D1000,"пшеница – всего , тыс. га",wheat_total,2016,419.7,1248.8,0.3360826393337604
41000000000,Ленинградская область,2,Сельскохозяйственные организации,P177D1000,"ячмень – всего, тыс. га",barley_total,2016,24.0,205.4,0.11684518013631938
41000000000,Ленинградская область,2,Сельскохозяйственные организации,P175D1000,"пшеница – всего , тыс. га",wheat_total,2016,10.4,205.4,0.05063291139240506
42000000000,Липецкая область,2,Сельскохозяйственные организации,P177D1000,"ячмень – всего, тыс. га",barley_total,2016,174.7,1044.1,0.1673211378220477
42000000000,Липецкая область,2,Сельскохозяйственные организации,Eod01510D1000,"Зерновые и зернобобовые культуры: кукуруза на зерно, тыс. га",maize_grain,2016,86.4,1044.1,0.08275069437793316
42000000000,Липецкая область,2,Сельскохозяйственные организации,P178D1000,"рапс – всего , тыс. га",rapeseed_total,2016,42.7,1044.1,0.04089646585576095
42000000000,Липецкая область,2,Сельскохозяйственные организации,Eod01540D1000,"Технические культуры: соя, тыс. га",soybean,2016,45.8,1044.1,0.04386553012163586
42000000000,Липецкая область,2,Сельскохозяйственные организации,Eod01537D1000,"Технические культуры: подсолнечник на зерно, тыс. га",sunflower_grain,2016,122.0,1044.1,0.11684704530217413
42000000000,Липецкая область,2,Сельскохозяйственные организации,P175D1000,"пшеница – всего , тыс. га",wheat_total,2016,358.7,1044.1,0.3435494684417202
58000000000,Псковская область,2,Сельскохозяйственные организации,P177D1000,"ячмень – всего, тыс. га",barley_total,2016,7.5,211.2,0.03551136363636364
58000000000,Псковская область,2,Сельскохозяйственные организации,P178D1000,"рапс – всего , тыс. га",rapeseed_total,2016,2.0,211.2,0.00946969696969697
58000000000,Псковская область,2,Сельскохозяйственные организации,P175D1000,"пшеница – всего , тыс. га",wheat_total,2016,21.4,211.2,0.10132575757575757
60000000000,Ростовская область,2,Сельскохозяйственные организации,P177D1000,"ячмень – всего, тыс. га",barley_total,2016,232.4,2967.6,0.07831244102978839
60000000000,Ростовская область,2,Сельскохозяйственные организации,Eod01510D1000,"Зерновые и зернобобовые культуры: кукуруза на зерно, тыс. га",maize_grain,2016,139.8,2967.6,0.047108774767488884
60000000000,Ростовская область,2,Сельскохозяйственные организации,P178D1000,"рапс – всего , тыс. га",rapeseed_total,2016,3.4,2967.6,0.0011457069685941502
60000000000,Ростовская область,2,Сельскохозяйственные организации,Eod01540D1000,"Технические культуры: соя, тыс. га",soybean,2016,8.1,2967.6,0.0027294783663566516
60000000000,Ростовская область,2,Сельскохозяйственные организации,Eod01537D1000,"Технические культуры: подсолнечник на зерно, тыс. га",sunflower_grain,2016,397.9,2967.6,0.13408141258929773
60000000000,Ростовская область,2,Сельскохозяйственные организации,P175D1000,"пшеница – всего , тыс. га",wheat_total,2016,1560.2,2967.6,0.5257447095295862
36000000000,Самарская область,2,Сельскохозяйственные организации,P177D1000,"ячмень – всего, тыс. га",barley_total,2016,197.3,1459.0,0.13522960932145306
36000000000,Самарская область,2,Сельскохозяйственные организации,Eod01510D1000,"Зерновые и зернобобовые культуры: кукуруза на зерно, тыс. га",maize_grain,2016,31.7,1459.0,0.021727210418094584
36000000000,Самарская область,2,Сельскохозяйственные организации,Eod01540D1000,"Технические культуры: соя, тыс. га",soybean,2016,21.6,1459.0,0.014804660726525018
36000000000,Самарская область,2,Сельскохозяйственные организации,Eod01537D1000,"Технические культуры: подсолнечник на зерно, тыс. га",sunflower_grain,2016,415.7,1459.0,0.28492117888965046
36000000000,Самарская область,2,Сельскохозяйственные организации,P175D1000,"пшеница – всего , тыс. га",wheat_total,2016,405.2,1459.0,0.27772446881425633
63000000000,Саратовская область,2,Сельскохозяйственные организации,P177D1000,"ячмень – всего, тыс. га",barley_total,2016,155.4,1873.8,0.08293307716938841
63000000000,Саратовская область,2,Сельскохозяйственные организации,Eod01510D1000,"Зерновые и зернобобовые культуры: кукуруза на зерно, тыс. га",maize_grain,2016,40.6,1873.8,0.021667200341551927
63000000000,Саратовская область,2,Сельскохозяйственные организации,Eod01540D1000,"Технические культуры: соя, тыс. га",soybean,2016,16.1,1873.8,0.008592165652684386
63000000000,Саратовская область,2,Сельскохозяйственные организации,Eod01537D1000,"Технические культуры: подсолнечник на зерно, тыс. га",sunflower_grain,2016,623.3,1873.8,0.33263955598249545
63000000000,Саратовская область,2,Сельскохозяйственные организации,P175D1000,"пшеница – всего , тыс. га",wheat_total,2016,596.7,1873.8,0.31844380403458217
7000000000,Ставропольский край,2,Сельскохозяйственные организации,P177D1000,"ячмень – всего, тыс. га",barley_total,2016,163.4,2364.9,0.06909383060594529
7000000000,Ставропольский край,2,Сельскохозяйственные организации,Eod01510D1000,"Зерновые и зернобобовые культуры: кукуруза на зерно, тыс. га",maize_grain,2016,156.2,2364.9,0.06604930441033446
7000000000,Ставропольский край,2,Сельскохозяйственные организации,P178D1000,"рапс – всего , тыс. га",rapeseed_total,2016,34.4,2364.9,0.014546069601251637
7000000000,Ставропольский край,2,Сельскохозяйственные организации,Eod01540D1000,"Технические культуры: соя, тыс. га",soybean,2016,17.6,2364.9,0.00744217514482642
7000000000,Ставропольский край,2,Сельскохозяйственные организации,Eod01537D1000,"Технические культуры: подсолнечник на зерно, тыс. га",sunflower_grain,2016,217.4,2364.9,0.09192777707302634
7000000000,Ставропольский край,2,Сельскохозяйственные организации,P175D1000,"пшеница – всего , тыс. га",wheat_total,2016,1387.5,2364.9,0.5867055689458328
28000000000,Тверская область,2,Сельскохозяйственные организации,P177D1000,"ячмень – всего, тыс. га",barley_total,2016,1.4,455.1,0.003076246978686003
28000000000,Тверская область,2,Сельскохозяйственные организации,P178D1000,"рапс – всего , тыс. га",rapeseed_total,2016,0.1,455.1,0.00021973192704900023
28000000000,Тверская область,2,Сельскохозяйственные организации,P175D1000,"пшеница – всего , тыс. га",wheat_total,2016,17.1,455.1,0.03757415952537904
