machine_id,brand,power_hp,production_year,age_at_event,hours_at_event,failure_time,event_flag,failure_system,major_failure_flag,repair_cost,downtime_hours,peak_load_proxy,weather_instrument,climate,soil,region,campaign
M_1001,MTZ82,69.2,2018,7.19,315.6,387.6,1,электроника,0,46545.14,6.8,1.0,64.27,0.788,0.4024,kuban,harvest
M_1002,MTZ82,86.3,2019,6.05,32.8,35.1,1,электроника,0,41533.23,19.0,0.8243,46.68,0.6458,0.2536,altai,harvest
M_1003,MTZ82,100.9,2021,4.5,228.4,266.1,1,гидравлика,1,38916.92,8.4,0.7499,45.22,0.6694,0.6025,vladimir,sowing
M_1004,MTZ82,56.3,2021,4.77,496.0,561.7,1,электроника,0,32474.89,46.1,0.7327,61.35,0.4176,0.3185,volga,harvest
M_1005,MTZ82,83.8,2019,6.31,1593.3,1983.2,1,гидравлика,0,30969.25,1.6,0.9506,35.43,0.7153,0.5331,volga,sowing
M_1006,MTZ82,98.0,2017,8.7,1353.7,1432.0,1,электроника,0,23022.02,46.7,1.0,49.9,0.7206,0.5113,northwest,harvest
M_1007,MTZ82,90.4,2021,4.46,386.6,475.7,1,электроника,0,14379.37,2.0,0.9586,35.51,0.7522,0.3417,amur,sowing
M_1008,MTZ82,96.3,2021,4.86,709.3,812.0,1,электроника,0,23524.52,3.6,0.9161,49.83,0.3793,0.1935,central_chernozem,harvest
M_1009,MTZ82,95.6,2022,3.25,243.0,297.7,1,гидравлика,0,74991.94,29.0,0.9089,53.77,0.1631,0.4381,kuban,harvest
M_1010,MTZ82,65.5,2024,1.36,148.2,162.4,1,двигатель,1,355124.4,9.1,0.4593,40.3,0.6481,0.4004,amur,harvest
M_1011,MTZ82,82.3,2023,2.23,132.8,160.1,1,гидравлика,0,38677.9,62.1,0.8012,41.15,0.6209,0.5644,northwest,sowing
M_1012,MTZ82,108.3,2018,7.43,1899.7,2320.7,1,гидравлика,1,67252.8,15.6,0.89,59.38,0.4817,0.4431,kuban,harvest
M_1013,MTZ82,127.5,2017,8.73,198.1,227.6,1,гидравлика,0,28812.86,46.3,1.0,52.02,0.8829,0.498,altai,harvest
M_1014,MTZ82,64.3,2023,2.98,222.1,272.3,1,электроника,1,33692.74,7.6,0.5653,35.3,0.8735,0.6349,vladimir,sowing
M_1015,MTZ82,99.4,2024,1.43,381.4,499.5,0,прочее,0,0.0,0.0,0.7309,46.75,0.5437,0.7908,vladimir,harvest
M_1016,MTZ82,67.8,2020,5.19,1607.6,1816.5,0,прочее,0,0.0,0.0,0.9279,47.92,0.7997,0.4624,altai,sowing
M_1017,MTZ82,119.4,2020,5.11,1113.4,1242.7,1,электроника,0,71332.58,8.8,0.6278,46.52,0.1012,0.5947,north_caucasus,sowing
M_1018,MTZ82,98.8,2022,3.63,439.1,477.0,1,электроника,0,16696.41,3.9,0.9338,63.78,0.8114,0.2922,kuban,harvest
M_1019,MTZ82,120.2,2018,7.41,221.4,235.0,1,трансмиссия,1,89294.51,102.2,1.0,35.27,0.6897,0.4939,volga,sowing
M_1020,MTZ82,58.4,2024,1.96,440.7,510.8,1,двигатель,1,314619.22,38.2,0.7586,53.26,0.7426,0.2863,vladimir,harvest
M_1021,MTZ82,73.6,2020,5.42,733.0,855.8,1,гидравлика,0,26942.52,49.2,0.8524,56.35,0.3819,0.1072,altai,harvest
M_1022,MTZ82,98.8,2021,4.54,232.7,285.0,1,электроника,0,24638.91,4.7,0.8684,58.18,0.7243,0.4838,central_chernozem,harvest
M_1023,MTZ82,84.7,2019,6.25,1796.4,2187.6,0,прочее,0,0.0,0.0,0.8905,34.89,0.0945,0.2887,vladimir,harvest
M_1024,MTZ82,117.1,2023,2.61,164.2,199.4,1,трансмиссия,1,91885.35,12.9,0.7307,34.14,0.2865,0.4307,amur,harvest
M_1025,MTZ82,76.9,2017,8.84,411.4,464.4,1,гидравлика,1,65003.42,1.7,1.0,57.82,0.3829,0.6426,central_chernozem,sowing
M_1026,MTZ82,73.1,2022,3.44,481.0,558.2,1,трансмиссия,1,163543.22,7.0,0.7461,36.78,0.3048,0.8444,north_caucasus,sowing
M_1027,MTZ82,111.3,2018,7.3,453.6,531.1,1,электроника,1,36034.01,101.2,0.9046,58.22,0.6756,0.4271,vladimir,harvest
M_1028,MTZ82,99.1,2022,3.24,963.7,1135.7,0,прочее,0,0.0,0.0,0.7056,22.32,0.2054,0.2073,vladimir,sowing
M_1029,MTZ82,78.8,2018,7.18,324.0,377.6,1,двигатель,1,120225.29,36.4,0.9984,46.06,0.6343,0.7516,vladimir,harvest
M_1030,MTZ82,92.6,2024,1.64,419.2,574.1,0,прочее,0,0.0,0.0,0.6598,32.41,0.5921,0.7512,northwest,sowing
M_1031,MTZ82,95.0,2018,7.75,395.3,432.3,1,гидравлика,0,38472.58,11.1,1.0,43.68,0.6743,0.5047,kuban,sowing
M_1032,MTZ82,96.7,2021,4.19,1125.5,1465.9,0,прочее,0,0.0,0.0,0.7961,34.72,0.4925,0.591,northwest,sowing
M_1033,MTZ82,116.7,2017,8.85,249.4,266.6,1,двигатель,1,65677.46,94.9,1.0,54.0,0.4538,0.1817,kuban,harvest
M_1034,MTZ82,81.5,2024,1.33,17.1,19.7,1,электроника,1,14721.81,73.8,0.5515,48.12,0.6994,0.4601,northwest,harvest
M_1035,MTZ82,73.9,2018,7.19,212.5,263.3,1,электроника,0,107324.97,9.1,0.8156,49.86,0.5161,0.5928,vladimir,sowing
M_1036,MTZ82,51.3,2022,3.39,1041.4,1187.0,0,прочее,0,0.0,0.0,0.6494,38.39,0.6901,0.7536,amur,sowing
M_1037,MTZ82,127.0,2017,8.32,837.2,1033.5,1,двигатель,1,190884.53,55.4,1.0,38.56,0.2705,0.2143,northwest,sowing
M_1038,MTZ82,50.0,2020,5.24,416.4,492.8,1,прочее,0,15569.44,16.7,0.8622,40.44,0.6249,0.381,amur,sowing
M_1039,MTZ82,80.4,2018,7.3,2170.5,2417.2,1,гидравлика,0,35835.45,1.4,1.0,46.51,0.9822,0.45,northwest,harvest
M_1040,MTZ82,111.0,2021,4.08,1084.8,1426.6,0,прочее,0,0.0,0.0,0.707,52.43,0.8537,0.707,central_chernozem,sowing
M_1041,MTZ82,69.6,2018,7.24,1059.7,1267.0,1,электроника,0,44259.99,0.7,0.93,30.87,0.6983,0.21,vladimir,sowing
M_1042,MTZ82,57.6,2024,1.25,356.1,437.6,0,прочее,0,0.0,0.0,0.3476,45.62,0.3456,0.3606,north_caucasus,harvest
M_1043,MTZ82,131.0,2021,4.64,989.6,1073.4,1,электроника,0,71214.4,53.5,1.0,54.62,0.5911,0.8515,north_caucasus,sowing
M_1044,MTZ82,95.1,2022,3.54,902.2,1238.0,0,прочее,0,0.0,0.0,0.8839,52.68,0.6699,0.7055,altai,harvest
M_1045,MTZ82,85.9,2017,8.04,1182.5,1464.2,1,гидравлика,0,114206.72,25.4,0.9142,61.84,0.729,0.6074,central_chernozem,harvest
M_1046,MTZ82,87.4,2020,5.54,940.3,1071.9,1,электроника,1,35173.47,484.9,0.7367,33.63,0.8073,0.3162,vladimir,sowing
M_1047,MTZ82,50.0,2023,2.7,157.8,184.2,1,электроника,0,72099.2,4.1,0.4545,67.46,0.87,0.1312,central_chernozem,harvest
M_1048,MTZ82,92.6,2017,8.1,458.4,516.7,1,электроника,0,14585.79,11.7,1.0,55.0,0.4064,0.4318,central_chernozem,sowing
M_1049,MTZ82,91.7,2018,7.03,1507.6,1821.0,1,электроника,0,33581.57,47.9,0.8958,53.07,0.8462,0.8241,central_chernozem,harvest
M_1050,MTZ82,67.8,2017,8.88,2424.5,2954.3,1,электроника,0,31578.42,16.6,0.9255,34.8,0.5977,0.4961,vladimir,sowing
M_1051,MTZ82,121.8,2018,7.18,2171.4,2323.8,1,электроника,0,11714.16,16.1,0.9672,41.06,0.3622,0.1845,altai,sowing
M_1052,MTZ82,72.7,2023,2.29,283.5,323.0,1,гидравлика,0,96013.55,9.1,0.6587,34.64,0.6939,0.2922,northwest,sowing
M_1053,MTZ82,94.2,2024,1.95,532.0,611.6,1,электроника,0,92079.98,72.2,0.7424,35.4,0.6234,0.0881,vladimir,sowing
M_1054,MTZ82,98.2,2018,7.01,69.3,80.0,1,двигатель,1,260596.93,195.2,1.0,43.72,0.5721,0.4594,northwest,harvest
M_1055,MTZ82,61.7,2019,6.28,49.3,57.9,1,гидравлика,0,71572.05,18.6,0.9096,57.63,0.9287,0.2599,kuban,sowing
M_1056,MTZ82,92.4,2019,6.76,859.2,957.8,1,электроника,0,17790.69,46.0,0.9617,43.93,0.673,0.3069,central_chernozem,sowing
M_1057,MTZ82,91.0,2019,6.34,1679.9,2220.0,0,прочее,0,0.0,0.0,0.8917,46.53,0.9858,0.2728,northwest,harvest
M_1058,MTZ82,99.7,2019,6.48,135.8,152.4,1,двигатель,0,80620.87,20.3,0.8903,42.45,0.5643,0.6141,northwest,sowing
M_1059,MTZ82,92.2,2018,7.12,641.4,767.2,1,электроника,0,28861.81,36.2,1.0,66.54,0.6993,0.4587,kuban,harvest
M_1060,MTZ82,67.7,2018,7.19,1.3,1.6,1,трансмиссия,1,89072.2,36.2,0.9101,48.8,0.833,0.5191,vladimir,sowing
M_1061,MTZ82,105.9,2020,5.01,8.7,9.2,1,трансмиссия,0,230275.01,25.6,0.8745,67.63,0.491,0.4614,volga,harvest
M_1062,MTZ82,119.7,2022,3.57,810.1,867.4,1,электроника,0,28559.06,37.3,0.7577,36.63,0.7301,0.6516,northwest,sowing
M_1063,MTZ82,50.0,2023,2.17,657.6,761.2,0,прочее,0,0.0,0.0,0.5231,43.68,0.7946,0.8782,volga,sowing
M_1064,MTZ82,90.3,2023,2.67,686.3,933.5,0,прочее,0,0.0,0.0,0.7595,57.74,0.6223,0.5582,north_caucasus,sowing
M_1065,MTZ82,61.6,2018,7.98,413.5,490.3,1,гидравлика,0,40991.2,47.0,0.8535,36.12,0.2046,0.7576,northwest,harvest
M_1066,MTZ82,97.3,2021,4.08,1205.3,1362.5,1,двигатель,1,399765.29,7.8,0.8271,54.56,0.715,0.3285,altai,harvest
M_1067,MTZ82,71.5,2023,2.56,665.3,897.4,0,прочее,0,0.0,0.0,0.8091,48.36,0.777,0.2261,volga,sowing
M_1068,MTZ82,86.3,2023,2.64,667.4,925.1,0,прочее,0,0.0,0.0,0.6127,27.0,0.4289,0.6736,volga,sowing
M_1069,MTZ82,78.5,2022,3.59,214.1,259.3,1,гидравлика,0,101167.84,7.5,0.7851,31.78,0.8203,0.32,amur,harvest
M_1070,MTZ82,81.8,2019,6.07,998.1,1175.1,1,трансмиссия,1,95958.22,24.7,0.7048,48.13,0.6862,0.3292,northwest,sowing
M_1071,MTZ82,87.7,2018,7.04,77.0,86.6,1,электроника,0,10958.84,48.4,0.8755,67.3,0.7583,0.2347,volga,harvest
M_1072,MTZ82,91.2,2021,4.73,1206.7,1294.9,1,электроника,0,10580.33,9.7,0.8414,44.84,0.7543,0.7781,vladimir,sowing
M_1073,MTZ82,105.1,2018,7.49,17.4,19.5,1,гидравлика,0,41021.25,30.4,0.9954,20.0,0.4275,0.2674,vladimir,sowing
M_1074,MTZ82,89.6,2019,6.35,1760.1,2221.3,0,прочее,0,0.0,0.0,0.7605,34.04,0.9582,0.5205,vladimir,harvest
M_1075,MTZ82,103.2,2024,1.65,443.4,513.0,1,двигатель,0,215200.01,6.8,0.9177,53.01,0.2016,0.3066,north_caucasus,sowing
M_1076,MTZ82,99.3,2018,7.68,84.9,95.9,1,трансмиссия,0,118550.98,54.0,0.9853,37.48,0.6171,0.3159,altai,sowing
M_1077,MTZ82,101.1,2018,7.37,107.7,113.9,1,двигатель,1,188998.96,1.9,1.0,34.81,0.9387,0.588,central_chernozem,harvest
M_1078,MTZ82,127.2,2023,2.65,745.2,792.4,1,электроника,0,13697.76,16.6,0.7968,50.71,0.7077,0.455,amur,harvest
M_1079,MTZ82,117.4,2017,8.59,1366.9,1579.0,1,трансмиссия,1,75414.32,221.9,1.0,63.47,0.5315,0.3456,kuban,harvest
M_1080,MTZ82,57.3,2024,1.86,512.1,650.5,0,прочее,0,0.0,0.0,0.6281,34.02,0.7273,0.6212,northwest,harvest
M_1081,MTZ82,83.9,2021,4.75,1437.8,1663.2,0,прочее,0,0.0,0.0,0.7475,46.34,0.4677,0.5703,altai,harvest
M_1082,MTZ82,99.2,2022,3.97,712.6,782.7,1,электроника,0,31768.96,14.3,0.8798,35.83,0.1408,0.6921,central_chernozem,sowing
M_1083,MTZ82,105.6,2018,7.08,1012.1,1161.0,1,трансмиссия,1,87811.29,206.3,0.9128,35.18,0.6917,0.3184,amur,sowing
M_1084,MTZ82,96.6,2022,3.89,958.6,1146.4,1,гидравлика,0,31827.72,29.5,0.7511,62.73,0.5594,0.0706,vladimir,harvest
M_1085,MTZ82,85.3,2020,5.91,235.4,270.8,1,трансмиссия,0,182628.32,30.7,0.8626,32.39,0.1374,0.3297,amur,sowing
M_1086,MTZ82,87.9,2021,4.21,60.6,71.2,1,электроника,0,24659.88,8.1,0.9162,51.16,0.8369,0.4752,vladimir,harvest
M_1087,MTZ82,73.7,2023,2.12,560.5,742.2,0,прочее,0,0.0,0.0,0.5238,45.3,0.7417,0.7665,northwest,harvest
M_1088,MTZ82,110.6,2024,1.03,268.5,362.1,0,прочее,0,0.0,0.0,0.3981,51.15,0.8984,0.6721,vladimir,harvest
M_1089,MTZ82,86.5,2018,7.89,16.5,19.1,1,электроника,0,24761.67,42.7,0.9406,42.41,0.8302,0.6911,altai,sowing
M_1090,MTZ82,85.0,2022,3.13,973.1,1094.9,0,прочее,0,0.0,0.0,0.7064,75.06,0.4692,0.282,kuban,sowing
M_1091,MTZ82,50.0,2018,7.81,2387.1,2732.8,0,прочее,0,0.0,0.0,1.0,45.1,0.6143,0.1098,kuban,sowing
M_1092,MTZ82,100.1,2019,6.96,1820.8,2435.4,0,прочее,0,0.0,0.0,0.734,43.05,0.8857,0.7036,northwest,harvest
M_1093,MTZ82,97.8,2023,2.51,421.2,449.2,1,гидравлика,0,75140.14,22.9,0.5147,51.7,0.4035,0.4306,north_caucasus,harvest
M_1094,MTZ82,57.7,2018,7.16,415.1,449.1,1,двигатель,1,138796.71,37.8,1.0,26.24,0.2427,0.5082,vladimir,sowing
M_1095,MTZ82,79.4,2018,7.93,666.5,726.9,1,гидравлика,0,44874.27,14.9,0.8777,20.0,0.7773,0.0165,amur,sowing
M_1096,MTZ82,102.8,2022,3.8,31.9,34.1,1,трансмиссия,1,122272.65,84.0,0.7641,45.27,0.5411,0.1813,altai,harvest
M_1097,MTZ82,89.4,2017,8.06,316.1,364.5,1,трансмиссия,1,93842.52,27.8,1.0,29.55,0.5953,0.8538,altai,sowing
M_1098,MTZ82,74.5,2023,2.73,778.4,956.5,0,прочее,0,0.0,0.0,0.6122,54.53,0.9399,0.2919,north_caucasus,sowing
M_1099,MTZ82,87.1,2021,4.57,1262.0,1601.1,0,прочее,0,0.0,0.0,0.6791,37.64,0.354,0.455,amur,harvest
M_1100,MTZ82,106.2,2019,6.9,744.2,793.1,1,трансмиссия,1,111436.57,22.5,0.9919,45.7,0.7358,0.1072,northwest,sowing
M_1101,MTZ82,81.1,2017,8.53,1062.8,1185.8,1,гидравлика,0,76426.97,37.4,1.0,36.74,0.251,0.0835,northwest,sowing
M_1102,MTZ82,50.0,2019,6.11,1579.3,1796.1,1,гидравлика,0,52719.83,17.1,0.9124,54.89,0.8908,0.7581,altai,harvest
M_1103,MTZ82,72.0,2019,6.99,1970.8,2379.3,1,электроника,1,27573.95,83.9,0.8691,52.77,0.5081,0.5144,kuban,harvest
M_1104,MTZ82,97.9,2018,7.79,802.7,926.5,1,трансмиссия,1,48100.57,93.6,0.8882,55.44,0.733,0.2488,central_chernozem,sowing
M_1105,MTZ82,126.2,2022,3.4,844.5,1190.8,0,прочее,0,0.0,0.0,0.9254,41.35,0.6106,0.3871,volga,sowing
M_1106,MTZ82,67.3,2021,4.8,1251.2,1680.1,0,прочее,0,0.0,0.0,0.569,55.37,0.7026,0.4447,kuban,sowing
M_1107,MTZ82,92.9,2024,1.1,126.1,133.4,1,гидравлика,0,44825.94,17.6,0.5565,64.91,0.0236,0.0897,north_caucasus,harvest
M_1108,MTZ82,107.3,2019,6.86,1386.4,1594.3,1,трансмиссия,0,48718.73,16.1,1.0,73.6,0.3906,0.5456,kuban,harvest
M_1109,MTZ82,71.8,2019,6.39,810.4,887.6,1,гидравлика,1,41560.52,6.7,0.8025,35.29,0.7822,0.2787,north_caucasus,sowing
M_1110,MTZ82,94.8,2024,1.38,377.8,482.6,0,прочее,0,0.0,0.0,0.6127,60.8,0.9081,0.0395,kuban,harvest
M_1111,MTZ82,78.8,2021,4.15,685.0,770.5,1,электроника,0,23006.72,32.5,0.7661,51.09,0.8428,0.3869,north_caucasus,sowing
M_1112,MTZ82,81.0,2017,8.85,536.0,652.1,1,электроника,0,29581.7,1.7,1.0,42.73,0.4054,0.1341,amur,sowing
M_1113,MTZ82,101.6,2024,1.73,540.1,604.0,0,прочее,0,0.0,0.0,0.6971,37.69,0.2805,0.292,vladimir,sowing
M_1114,MTZ82,82.1,2022,3.41,998.1,1193.9,0,прочее,0,0.0,0.0,0.7348,39.3,0.5638,0.4612,central_chernozem,sowing
M_1115,MTZ82,92.0,2023,2.71,758.0,948.7,0,прочее,0,0.0,0.0,0.5831,74.61,0.7946,0.6038,kuban,sowing
M_1116,MTZ82,97.6,2023,2.3,663.0,806.0,0,прочее,0,0.0,0.0,0.6474,40.25,0.8995,0.4863,northwest,sowing
M_1117,MTZ82,91.1,2021,4.03,1012.4,1410.1,0,прочее,0,0.0,0.0,0.5575,42.52,0.52,0.2787,kuban,sowing
M_1118,MTZ82,92.6,2018,7.75,251.7,273.3,1,электроника,0,38450.39,9.5,1.0,27.31,0.8227,0.2118,amur,sowing
M_1119,MTZ82,94.0,2021,4.59,924.0,991.5,1,гидравлика,0,63013.28,7.9,0.8607,51.22,0.7431,0.4161,north_caucasus,sowing
M_1120,MTZ82,82.4,2017,8.76,149.4,181.9,1,гидравлика,0,63945.16,3.1,1.0,53.52,0.7145,0.8653,vladimir,harvest
M_1121,MTZ82,104.6,2022,3.07,78.3,83.8,1,электроника,1,20738.86,78.2,0.6485,38.66,0.6887,0.4387,northwest,sowing
M_1122,MTZ82,73.0,2022,3.52,954.5,1152.1,1,электроника,0,39475.84,4.1,0.6096,63.66,0.6028,0.9277,kuban,harvest
M_1123,MTZ82,71.4,2022,3.37,918.0,1181.2,0,прочее,0,0.0,0.0,0.6069,48.06,0.8169,0.3127,north_caucasus,sowing
M_1124,MTZ82,80.9,2020,5.18,1423.5,1811.5,0,прочее,0,0.0,0.0,0.8722,54.59,0.9107,0.5556,vladimir,harvest
M_1125,MTZ82,74.6,2019,6.03,183.1,196.8,1,электроника,0,19104.89,35.7,0.8802,46.21,0.6775,0.1034,volga,sowing
M_1126,MTZ82,114.6,2022,3.34,529.0,625.2,1,гидравлика,0,67876.25,5.3,0.6825,46.79,0.3406,0.1647,kuban,sowing
M_1127,MTZ82,101.0,2020,5.79,1573.2,2024.9,0,прочее,0,0.0,0.0,0.6616,48.82,0.7888,0.5531,volga,sowing
M_1128,MTZ82,92.5,2024,1.64,425.1,574.8,0,прочее,0,0.0,0.0,0.3276,44.63,0.6175,0.4094,north_caucasus,harvest
M_1129,MTZ82,58.4,2020,5.54,1640.2,1939.7,0,прочее,0,0.0,0.0,0.8598,47.57,0.8788,0.5414,vladimir,sowing
M_1130,MTZ82,97.4,2020,5.39,741.4,847.2,1,гидравлика,0,112531.6,9.6,0.8183,48.84,0.5191,0.5749,vladimir,harvest
M_1131,MTZ82,90.2,2022,3.44,1054.0,1205.3,0,прочее,0,0.0,0.0,0.4982,61.86,0.9604,0.4145,north_caucasus,harvest
M_1132,MTZ82,111.0,2024,1.36,404.9,475.7,0,прочее,0,0.0,0.0,0.7233,32.24,0.7847,0.5764,amur,sowing
M_1133,MTZ82,94.0,2018,7.02,1438.0,1627.8,1,гидравлика,1,34605.55,69.7,0.8505,50.17,0.9332,0.3146,altai,sowing
M_1134,MTZ82,87.7,2023,2.58,111.7,122.9,1,гидравлика,0,58665.21,32.0,0.8417,39.41,0.7135,0.0992,volga,sowing
M_1135,MTZ82,104.1,2017,8.98,594.6,681.7,1,гидравлика,0,69387.81,11.7,0.9573,37.71,0.4978,0.7171,amur,harvest
M_1136,MTZ82,50.0,2020,5.22,1495.1,1826.7,0,прочее,0,0.0,0.0,0.7292,37.97,0.8885,0.8609,north_caucasus,sowing
M_1137,MTZ82,81.3,2022,3.95,1069.9,1381.1,0,прочее,0,0.0,0.0,0.7643,46.62,0.6961,0.6341,vladimir,harvest
M_1138,MTZ82,70.3,2020,5.87,1817.3,2054.2,0,прочее,0,0.0,0.0,0.8821,51.32,0.3094,0.2591,vladimir,harvest
M_1139,MTZ82,81.9,2022,3.22,69.5,79.0,1,электроника,1,41769.7,46.2,0.766,49.22,0.946,0.3627,amur,harvest
M_1140,MTZ82,80.8,2019,6.01,99.3,106.2,1,электроника,0,45840.9,5.0,0.8371,47.04,0.1343,0.6786,vladimir,harvest
M_1141,MTZ82,90.0,2022,3.72,994.0,1301.2,0,прочее,0,0.0,0.0,0.8342,46.98,0.9946,0.5991,vladimir,sowing
M_1142,MTZ82,114.4,2024,1.25,317.4,361.7,1,гидравлика,0,146275.45,19.5,0.7281,47.04,0.4965,0.4562,altai,harvest
M_1143,MTZ82,100.9,2024,1.98,187.7,231.3,1,электроника,0,13332.9,137.2,0.6419,39.94,0.7119,0.5084,altai,sowing
M_1144,MTZ82,102.6,2021,4.25,931.3,1034.6,1,гидравлика,0,21004.6,9.4,0.8518,51.39,0.2341,0.5439,kuban,sowing
M_1145,MTZ82,118.7,2023,2.58,110.7,118.8,1,гидравлика,0,72601.11,33.4,0.8705,60.21,0.7547,0.0324,vladimir,harvest
M_1146,MTZ82,70.7,2021,4.43,184.3,222.1,1,прочее,0,8949.87,52.8,0.8943,48.8,0.5096,0.5677,altai,harvest
M_1147,MTZ82,114.8,2021,4.62,535.6,656.5,1,гидравлика,0,49315.16,13.3,0.8738,45.04,0.408,0.159,amur,sowing
M_1148,MTZ82,76.4,2021,4.78,828.9,898.4,1,электроника,0,29176.25,49.5,0.7962,44.02,0.4813,0.2235,altai,harvest
M_1149,MTZ82,112.8,2017,8.01,2181.9,2802.1,0,прочее,0,0.0,0.0,1.0,42.07,0.887,0.4359,vladimir,harvest
M_1150,MTZ82,137.9,2019,6.14,1308.5,1593.9,1,электроника,0,31835.93,40.0,0.8787,48.39,0.5906,0.5921,volga,harvest
M_1151,MTZ82,84.6,2021,4.15,1177.3,1451.7,0,прочее,0,0.0,0.0,0.769,41.28,0.6482,0.4537,volga,sowing
M_1152,MTZ82,109.9,2018,7.12,1459.7,1762.9,1,трансмиссия,1,77983.76,49.3,0.9349,31.83,0.9475,0.2428,amur,sowing
M_1153,MTZ82,67.8,2024,1.8,61.9,71.4,1,гидравлика,0,100889.83,3.5,0.6974,58.2,0.0827,0.757,volga,harvest
M_1154,MTZ82,93.5,2024,1.83,536.0,639.3,0,прочее,0,0.0,0.0,0.7747,57.53,0.1949,0.703,north_caucasus,harvest
M_1155,MTZ82,85.3,2019,6.44,571.7,706.5,1,электроника,0,51454.72,10.2,1.0,51.1,0.1367,0.2459,central_chernozem,harvest
M_1156,MTZ82,102.8,2021,4.48,364.2,450.6,1,трансмиссия,1,110565.68,33.4,0.8511,33.81,0.6861,0.064,vladimir,harvest
M_1157,MTZ82,142.7,2022,3.16,242.1,279.9,1,трансмиссия,1,81011.7,228.5,0.8453,63.79,0.3272,0.4622,kuban,sowing
M_1158,MTZ82,112.0,2019,6.29,829.2,943.6,1,электроника,0,21846.31,9.4,1.0,44.35,0.4306,0.1191,north_caucasus,sowing
M_1159,MTZ82,81.6,2022,3.2,819.4,1118.8,0,прочее,0,0.0,0.0,0.6568,55.74,0.9538,0.5533,north_caucasus,sowing
M_1160,MTZ82,128.5,2017,8.85,11.8,14.5,1,двигатель,1,107591.53,195.0,0.9965,65.51,0.4884,0.4652,central_chernozem,harvest
M_1161,MTZ82,78.6,2019,6.64,399.1,459.6,1,гидравлика,0,31997.36,23.2,0.8546,47.45,0.8155,0.6627,northwest,sowing
M_1162,MTZ82,120.6,2023,2.66,435.5,500.1,1,электроника,0,29971.24,65.6,0.7353,31.91,0.9221,0.2752,altai,sowing
M_1163,MTZ82,100.2,2023,2.23,100.3,114.3,1,гидравлика,0,29698.43,32.6,0.6914,52.87,0.7707,0.1938,north_caucasus,sowing
M_1164,MTZ82,79.3,2023,2.47,765.0,863.3,0,прочее,0,0.0,0.0,0.6241,37.16,0.399,0.0191,vladimir,harvest
M_1165,MTZ82,69.6,2024,1.53,392.2,535.8,0,прочее,0,0.0,0.0,0.6923,55.34,0.3677,0.2702,north_caucasus,harvest
M_1166,MTZ82,111.1,2024,1.78,530.4,624.6,0,прочее,0,0.0,0.0,0.5886,41.79,0.2832,0.3432,volga,sowing
M_1167,MTZ82,104.5,2022,3.23,864.8,1130.1,0,прочее,0,0.0,0.0,0.8597,44.63,0.3143,0.2187,central_chernozem,sowing
M_1168,MTZ82,96.1,2021,4.02,1050.7,1408.4,0,прочее,0,0.0,0.0,0.7064,55.05,0.7166,0.4095,north_caucasus,harvest
M_1169,MTZ82,63.1,2019,7.0,487.3,519.7,1,гидравлика,0,58254.62,6.1,0.8338,33.03,0.7839,0.175,amur,sowing
M_1170,MTZ82,80.3,2022,3.99,1182.3,1397.0,0,прочее,0,0.0,0.0,0.6788,42.33,0.4859,0.7861,volga,sowing
M_1171,MTZ82,104.8,2022,3.14,418.5,456.3,1,электроника,1,19702.05,16.9,0.9736,49.15,0.3452,0.7839,amur,harvest
M_1172,MTZ82,88.0,2018,7.09,1060.2,1182.0,1,электроника,0,38963.26,1.4,1.0,51.14,0.8328,0.7786,central_chernozem,sowing
M_1173,MTZ82,118.5,2022,3.65,1032.7,1277.5,0,прочее,0,0.0,0.0,0.8877,32.39,0.5498,0.343,northwest,sowing
M_1174,MTZ82,84.2,2024,1.45,374.0,509.1,0,прочее,0,0.0,0.0,0.6141,50.99,0.9586,0.6441,central_chernozem,harvest
M_1175,MTZ82,111.0,2022,3.83,957.4,1340.8,0,прочее,0,0.0,0.0,0.7424,29.98,0.8876,0.7104,amur,sowing
M_1176,MTZ82,126.5,2023,2.51,15.9,17.7,1,гидравлика,1,134603.82,0.2,0.6136,65.23,0.3072,0.3115,north_caucasus,harvest
M_1177,MTZ82,95.7,2018,7.91,1346.6,1674.9,1,двигатель,1,107317.81,67.5,1.0,50.51,0.5647,0.4873,north_caucasus,harvest
M_1178,MTZ82,77.5,2024,1.03,277.4,360.1,0,прочее,0,0.0,0.0,0.53,64.8,0.4367,0.4222,north_caucasus,harvest
M_1179,MTZ82,125.5,2018,7.08,202.6,224.7,1,электроника,0,35566.98,9.7,1.0,46.18,0.1639,0.1621,central_chernozem,sowing
M_1180,MTZ82,77.6,2020,5.5,1562.7,1926.3,0,прочее,0,0.0,0.0,0.7518,43.81,0.9525,0.4071,northwest,sowing
M_1181,MTZ82,75.8,2024,1.81,453.9,634.0,0,прочее,0,0.0,0.0,0.6803,54.71,0.8908,0.4709,north_caucasus,harvest
M_1182,MTZ82,85.9,2020,5.76,354.4,384.0,1,гидравлика,0,99766.56,1.5,0.9753,47.05,0.8354,0.5924,north_caucasus,sowing
M_1183,MTZ82,63.7,2022,3.82,725.1,830.5,1,электроника,0,46343.36,1.3,0.8428,55.68,0.2642,0.1882,volga,harvest
M_1184,MTZ82,100.9,2017,8.5,978.9,1209.2,1,гидравлика,0,29718.28,7.0,1.0,69.41,0.4367,0.7469,north_caucasus,harvest
M_1185,MTZ82,82.6,2017,8.55,1254.6,1467.3,1,трансмиссия,0,101938.52,14.2,1.0,46.8,0.5986,0.9051,north_caucasus,sowing
M_1186,MTZ82,82.5,2021,4.14,1110.1,1449.6,0,прочее,0,0.0,0.0,0.5759,43.37,0.4245,0.4978,north_caucasus,sowing
M_1187,MTZ82,81.9,2022,3.52,464.7,566.5,1,двигатель,1,194146.79,200.7,0.6266,40.43,0.4528,0.2734,northwest,sowing
M_1188,MTZ82,104.1,2020,5.45,680.9,723.1,1,трансмиссия,1,189150.4,4.9,0.7818,50.36,0.5008,0.2114,kuban,sowing
M_1189,MTZ82,101.7,2020,5.19,210.4,239.8,1,трансмиссия,1,177426.4,28.1,0.8681,35.72,0.2492,0.594,northwest,sowing
M_1190,MTZ82,85.4,2022,3.74,1054.2,1308.4,0,прочее,0,0.0,0.0,0.7731,41.02,0.8519,0.0099,altai,sowing
M_1191,MTZ82,93.3,2022,3.63,532.9,634.6,1,гидравлика,1,82018.97,3.6,0.7464,37.64,0.4662,0.7531,amur,sowing
M_1192,MTZ82,70.7,2018,7.26,2180.6,2540.4,0,прочее,0,0.0,0.0,0.9147,30.65,0.6435,0.277,northwest,sowing
M_1193,MTZ82,69.1,2021,4.51,928.4,1051.6,1,трансмиссия,1,153577.87,93.0,0.8286,25.63,0.3971,0.8107,altai,sowing
M_1194,MTZ82,59.1,2021,4.99,167.4,187.8,1,трансмиссия,1,144766.27,41.0,0.7792,33.14,0.4133,0.4591,northwest,sowing
M_1195,MTZ82,100.5,2019,6.45,332.7,350.9,1,гидравлика,0,104307.96,12.4,1.0,57.77,0.5596,0.2191,north_caucasus,harvest
M_1196,MTZ82,81.6,2023,2.23,548.5,779.9,0,прочее,0,0.0,0.0,0.7521,50.63,0.6445,0.5185,volga,sowing
M_1197,MTZ82,61.7,2017,8.09,766.1,878.5,1,двигатель,1,264969.22,168.7,0.8477,57.65,0.1388,0.2975,vladimir,harvest
M_1198,MTZ82,80.0,2020,5.03,28.2,30.6,1,трансмиссия,1,205850.38,85.1,0.9071,49.9,0.7307,0.2331,amur,harvest
M_1199,MTZ82,101.9,2018,7.13,335.1,357.5,1,прочее,0,23905.54,16.5,0.9657,48.04,0.7654,0.4852,vladimir,harvest
M_1200,MTZ82,98.9,2021,4.51,684.7,822.0,1,гидравлика,0,71543.81,23.7,0.8081,58.07,0.8024,0.7873,central_chernozem,harvest
M_1201,NewHollandT9,153.3,2022,3.56,985.9,1247.6,0,прочее,0,0.0,0.0,0.9244,61.92,0.6216,0.1897,north_caucasus,harvest
M_1202,NewHollandT9,165.1,2021,4.33,314.7,378.0,1,электроника,0,16544.04,13.6,0.7812,41.98,0.4942,0.7776,northwest,harvest
M_1203,NewHollandT9,197.0,2022,3.47,889.7,1215.9,0,прочее,0,0.0,0.0,0.9569,37.89,0.4689,0.4334,vladimir,sowing
M_1204,NewHollandT9,178.8,2023,2.03,583.8,710.0,0,прочее,0,0.0,0.0,0.7914,34.1,0.3056,0.2181,altai,sowing
M_1205,NewHollandT9,144.5,2021,4.41,1186.7,1542.0,0,прочее,0,0.0,0.0,1.0,55.67,0.9425,0.4708,northwest,harvest
M_1206,NewHollandT9,170.7,2024,1.38,403.9,482.7,0,прочее,0,0.0,0.0,0.523,54.54,0.7463,0.3379,kuban,sowing
M_1207,NewHollandT9,204.5,2018,7.82,325.1,345.8,1,трансмиссия,0,57330.79,14.3,1.0,50.73,0.6802,0.7719,kuban,sowing
M_1208,NewHollandT9,172.1,2020,5.63,1665.9,1971.6,0,прочее,0,0.0,0.0,1.0,53.58,0.6826,0.7191,vladimir,harvest
M_1209,NewHollandT9,171.4,2022,3.48,961.5,1216.8,0,прочее,0,0.0,0.0,0.8809,51.7,0.2145,0.7778,north_caucasus,harvest
M_1210,NewHollandT9,192.2,2023,2.99,803.0,1046.3,0,прочее,0,0.0,0.0,0.7747,61.59,0.5149,0.3211,north_caucasus,harvest
M_1211,NewHollandT9,141.2,2018,7.06,302.3,321.6,1,электроника,0,26103.53,9.4,0.9239,45.92,0.4603,0.2253,central_chernozem,sowing
M_1212,NewHollandT9,193.4,2018,7.23,1875.1,2529.4,0,прочее,0,0.0,0.0,1.0,51.15,0.6587,0.4185,volga,sowing
M_1213,NewHollandT9,184.6,2020,5.51,1352.4,1565.0,1,электроника,0,41144.89,35.3,1.0,50.61,0.8855,0.4575,volga,sowing
M_1214,NewHollandT9,172.7,2020,5.97,1645.7,2088.6,0,прочее,0,0.0,0.0,0.863,47.24,0.3835,0.3603,altai,harvest
M_1215,NewHollandT9,144.3,2019,6.64,1257.5,1494.1,1,трансмиссия,1,76269.74,51.5,0.9866,37.73,0.7185,0.7954,vladimir,sowing
M_1216,NewHollandT9,178.6,2020,5.51,1234.8,1443.2,1,гидравлика,0,26168.23,0.4,0.8169,44.56,0.2834,0.4036,amur,sowing
M_1217,NewHollandT9,196.8,2018,7.8,2271.8,2728.3,0,прочее,0,0.0,0.0,1.0,60.16,0.8921,0.3737,central_chernozem,harvest
M_1218,NewHollandT9,175.1,2019,6.64,302.4,324.4,1,гидравлика,0,36988.22,3.9,1.0,75.73,0.3638,0.4375,kuban,harvest
M_1219,NewHollandT9,176.4,2022,3.77,976.2,1108.7,1,гидравлика,0,40000.83,3.9,0.7992,48.4,0.8873,0.4752,altai,harvest
M_1220,NewHollandT9,165.2,2023,2.49,762.3,869.8,0,прочее,0,0.0,0.0,0.6387,26.81,0.5698,0.331,northwest,sowing
M_1221,NewHollandT9,188.3,2017,8.91,1228.6,1450.0,1,электроника,0,35270.85,15.8,1.0,43.54,0.8547,0.3095,kuban,sowing
M_1222,NewHollandT9,164.9,2023,2.62,761.0,916.5,0,прочее,0,0.0,0.0,0.7883,30.19,0.9705,0.6581,northwest,sowing
M_1223,NewHollandT9,193.3,2024,1.65,414.1,575.9,0,прочее,0,0.0,0.0,0.5996,20.99,0.841,0.9056,amur,sowing
M_1224,NewHollandT9,173.7,2023,2.22,570.6,776.9,0,прочее,0,0.0,0.0,0.7019,57.97,0.437,0.8135,north_caucasus,harvest
M_1225,NewHollandT9,195.1,2022,3.52,88.2,98.2,1,трансмиссия,1,44812.37,196.1,0.92,59.1,0.4485,0.3454,altai,harvest
M_1226,NewHollandT9,179.2,2018,7.03,1038.0,1237.3,1,трансмиссия,0,88099.3,24.6,1.0,40.71,0.8917,0.7222,altai,sowing
M_1227,NewHollandT9,148.7,2020,5.69,1670.7,1991.2,0,прочее,0,0.0,0.0,0.9923,43.62,0.5508,0.5583,amur,harvest
M_1228,NewHollandT9,167.6,2023,2.25,666.1,787.5,0,прочее,0,0.0,0.0,0.6491,47.27,0.6312,0.3388,volga,sowing
M_1229,NewHollandT9,185.1,2023,2.49,718.9,872.1,0,прочее,0,0.0,0.0,0.8891,41.54,0.7846,0.3945,northwest,harvest
M_1230,NewHollandT9,177.7,2017,8.32,270.9,295.9,1,гидравлика,0,80477.16,3.1,1.0,64.81,0.9424,0.1788,kuban,harvest
M_1231,NewHollandT9,165.5,2021,4.83,496.0,554.8,1,электроника,0,28548.13,2.8,0.9522,43.61,0.6704,0.2679,volga,sowing
M_1232,NewHollandT9,169.2,2024,1.25,328.1,437.5,0,прочее,0,0.0,0.0,0.7553,64.68,0.7615,0.7163,central_chernozem,harvest
M_1233,NewHollandT9,163.5,2022,3.24,712.1,850.4,1,гидравлика,0,49850.97,40.9,0.8153,39.24,0.872,0.034,altai,sowing
M_1234,NewHollandT9,179.6,2019,6.81,1162.7,1239.8,1,гидравлика,1,40661.54,75.9,1.0,64.96,0.8835,0.0694,vladimir,harvest
M_1235,NewHollandT9,173.0,2024,1.82,523.9,636.6,0,прочее,0,0.0,0.0,0.8172,55.24,0.8375,0.1615,volga,harvest
M_1236,NewHollandT9,165.3,2020,5.54,1735.9,1939.1,0,прочее,0,0.0,0.0,0.9219,49.97,0.7015,0.3629,northwest,harvest
M_1237,NewHollandT9,158.9,2022,3.05,561.4,612.9,1,трансмиссия,1,98448.42,150.5,0.7426,42.94,0.6727,0.7399,altai,sowing
M_1238,NewHollandT9,187.5,2023,2.57,662.3,898.2,0,прочее,0,0.0,0.0,0.724,68.46,0.9452,0.57,central_chernozem,harvest
M_1239,NewHollandT9,159.5,2018,7.54,1296.4,1405.6,1,электроника,0,29569.0,18.1,1.0,63.84,0.6407,0.64,kuban,harvest
M_1240,NewHollandT9,188.0,2017,8.17,2284.2,2406.6,1,трансмиссия,1,346378.51,85.1,1.0,53.33,0.4975,0.8594,vladimir,harvest
M_1241,NewHollandT9,174.9,2022,3.8,926.2,1087.6,1,трансмиссия,1,157393.57,32.8,0.8778,41.52,0.7196,0.279,amur,harvest
M_1242,NewHollandT9,156.2,2020,5.95,862.8,1066.7,1,электроника,0,30470.68,20.1,0.9321,49.65,0.6429,0.571,volga,harvest
M_1243,NewHollandT9,157.6,2024,2.0,611.3,648.6,1,двигатель,1,262282.56,175.7,0.6479,46.53,0.8034,0.3125,vladimir,harvest
M_1244,NewHollandT9,172.6,2023,2.94,36.5,40.1,1,электроника,0,24723.37,4.4,0.8436,58.69,0.726,0.8236,kuban,sowing
M_1245,NewHollandT9,175.2,2024,1.21,336.3,423.4,0,прочее,0,0.0,0.0,0.6645,61.38,0.274,0.2478,volga,harvest
M_1246,NewHollandT9,162.7,2022,3.87,398.9,484.4,1,электроника,0,9135.52,1.2,0.9929,35.97,0.8835,0.2914,amur,harvest
M_1247,NewHollandT9,180.8,2023,2.21,540.6,771.8,0,прочее,0,0.0,0.0,0.7791,54.4,0.1479,0.4344,altai,harvest
M_1248,NewHollandT9,200.9,2024,1.24,305.2,356.6,1,электроника,0,23542.26,7.0,0.7803,39.96,0.7348,0.4584,altai,harvest
M_1249,NewHollandT9,187.2,2020,5.44,43.1,47.9,1,двигатель,1,124684.3,11.9,0.9244,45.15,0.8206,0.3426,vladimir,harvest
M_1250,NewHollandT9,136.3,2019,6.27,138.2,164.2,1,трансмиссия,1,140297.01,121.0,1.0,60.89,0.6485,0.8332,volga,harvest
M_1251,NewHollandT9,166.2,2018,7.21,870.9,991.1,1,гидравлика,0,58562.97,26.4,1.0,28.22,0.6332,0.2236,amur,harvest
M_1252,NewHollandT9,166.3,2021,4.18,400.5,472.2,1,электроника,0,59162.59,59.1,1.0,43.21,0.3741,0.594,amur,harvest
M_1253,NewHollandT9,195.3,2019,6.87,555.6,665.3,1,электроника,1,18540.57,68.5,0.9949,48.12,0.7924,0.1014,vladimir,harvest
M_1254,NewHollandT9,136.8,2022,3.2,521.5,618.9,1,двигатель,1,112477.82,44.5,0.7805,52.89,0.6516,0.3265,north_caucasus,sowing
M_1255,NewHollandT9,187.6,2023,2.28,647.9,799.1,0,прочее,0,0.0,0.0,0.7832,51.06,0.5859,0.7983,vladimir,harvest
M_1256,NewHollandT9,169.7,2018,7.32,569.5,622.1,1,гидравлика,1,70532.75,33.9,1.0,58.45,0.8072,0.2718,volga,harvest
M_1257,NewHollandT9,170.4,2020,5.98,736.3,813.6,1,электроника,1,20632.2,80.3,0.8121,49.18,0.5737,0.7245,altai,sowing
M_1258,NewHollandT9,199.1,2020,5.1,694.2,742.5,1,электроника,0,73575.59,6.9,1.0,43.3,0.6812,0.1845,kuban,sowing
M_1259,NewHollandT9,179.8,2023,2.61,688.1,911.9,0,прочее,0,0.0,0.0,0.8374,68.77,0.686,0.3169,kuban,harvest
M_1260,NewHollandT9,187.2,2019,6.49,1852.9,2271.2,0,прочее,0,0.0,0.0,1.0,51.33,0.4781,0.3243,volga,sowing
M_1261,NewHollandT9,118.5,2023,2.14,654.8,748.4,0,прочее,0,0.0,0.0,0.7122,53.07,0.5679,0.7569,altai,harvest
M_1262,NewHollandT9,195.2,2019,6.82,570.4,663.2,1,электроника,0,43805.38,18.9,1.0,47.14,0.4449,0.1764,north_caucasus,sowing
M_1263,NewHollandT9,172.8,2020,5.9,1586.6,2063.3,0,прочее,0,0.0,0.0,1.0,58.1,0.6662,0.4198,central_chernozem,harvest
M_1264,NewHollandT9,219.8,2022,3.07,950.3,1076.0,0,прочее,0,0.0,0.0,0.8436,22.5,0.3416,0.3056,volga,sowing
M_1265,NewHollandT9,169.2,2018,7.23,1996.5,2531.6,0,прочее,0,0.0,0.0,1.0,50.73,0.4162,0.1766,kuban,harvest
M_1266,NewHollandT9,179.6,2017,8.46,111.4,127.2,1,электроника,1,13327.29,164.7,1.0,50.86,0.4141,0.3604,north_caucasus,sowing
M_1267,NewHollandT9,191.3,2022,3.21,4.2,4.5,1,электроника,0,31552.35,23.9,0.788,66.86,0.7673,0.4243,north_caucasus,harvest
M_1268,NewHollandT9,167.6,2021,4.49,1325.3,1437.1,1,электроника,0,44594.96,4.8,0.8502,45.19,0.4817,0.2428,vladimir,harvest
M_1269,NewHollandT9,143.7,2020,5.42,648.9,716.6,1,электроника,0,7601.84,0.1,0.9702,35.46,0.4117,0.7147,vladimir,sowing
M_1270,NewHollandT9,179.0,2023,2.25,618.3,786.8,0,прочее,0,0.0,0.0,0.7398,27.54,0.7271,0.7996,northwest,sowing
M_1271,NewHollandT9,198.0,2024,1.69,417.8,592.9,0,прочее,0,0.0,0.0,0.8421,50.91,0.5843,0.5258,kuban,sowing
M_1272,NewHollandT9,190.1,2019,6.08,578.2,651.4,1,трансмиссия,0,267181.79,3.8,0.9244,56.34,0.4252,0.3182,altai,harvest
M_1273,NewHollandT9,127.0,2021,4.15,1095.0,1452.7,0,прочее,0,0.0,0.0,0.7983,42.7,0.3865,0.5885,altai,harvest
M_1274,NewHollandT9,153.6,2019,6.68,1956.1,2338.5,0,прочее,0,0.0,0.0,1.0,22.37,0.5435,0.4269,central_chernozem,sowing
M_1275,NewHollandT9,180.5,2021,4.26,195.8,224.7,1,электроника,0,27870.07,57.6,0.9719,38.87,0.9095,0.4504,north_caucasus,sowing
M_1276,NewHollandT9,152.4,2023,2.5,785.6,876.0,0,прочее,0,0.0,0.0,0.7122,52.81,0.5933,0.1596,vladimir,harvest
M_1277,NewHollandT9,139.7,2018,7.87,476.3,578.2,1,электроника,0,12431.05,24.5,1.0,32.48,0.3491,0.7139,altai,sowing
M_1278,NewHollandT9,204.2,2021,4.3,371.9,396.8,1,электроника,0,15260.98,27.3,0.808,42.23,0.6367,0.5097,volga,harvest
M_1279,NewHollandT9,159.2,2020,5.76,1139.5,1335.9,1,гидравлика,0,28810.03,41.9,0.9483,54.46,0.7054,0.4779,kuban,harvest
M_1280,NewHollandT9,163.3,2019,6.81,1031.7,1181.8,1,гидравлика,1,40716.81,2.4,0.991,60.22,0.5585,0.2959,central_chernozem,harvest
M_1281,NewHollandT9,187.1,2024,1.37,422.0,480.0,0,прочее,0,0.0,0.0,0.6176,33.34,0.7566,0.7385,amur,sowing
M_1282,NewHollandT9,186.5,2018,7.65,2012.1,2330.9,1,электроника,1,27676.47,161.2,1.0,71.6,0.8397,0.2268,central_chernozem,harvest
M_1283,NewHollandT9,207.7,2020,5.99,942.2,1116.2,1,гидравлика,0,47006.7,2.0,1.0,40.61,0.419,0.357,central_chernozem,sowing
M_1284,NewHollandT9,182.5,2021,4.31,100.1,118.6,1,электроника,0,14611.51,11.2,0.8829,32.33,0.5247,0.6619,amur,sowing
M_1285,NewHollandT9,187.8,2023,2.32,278.9,337.7,1,электроника,0,37167.65,10.2,0.8187,57.22,0.4592,0.3602,central_chernozem,harvest
M_1286,NewHollandT9,148.2,2024,1.33,181.5,191.8,1,гидравлика,0,49108.4,74.7,0.5146,55.75,0.1613,0.4409,north_caucasus,sowing
M_1287,NewHollandT9,171.5,2018,7.68,171.4,203.7,1,двигатель,0,99333.78,0.7,0.895,39.91,0.5841,0.4965,volga,harvest
M_1288,NewHollandT9,143.8,2019,6.19,461.4,563.6,1,гидравлика,0,61041.16,15.5,0.7852,29.86,0.5627,0.6139,vladimir,sowing
M_1289,NewHollandT9,196.0,2019,6.39,1803.2,2236.9,0,прочее,0,0.0,0.0,1.0,40.8,0.5527,0.4736,central_chernozem,harvest
M_1290,NewHollandT9,188.3,2018,7.03,1805.2,2459.3,0,прочее,0,0.0,0.0,1.0,30.89,0.5228,0.5117,northwest,sowing
M_1291,NewHollandT9,189.6,2017,8.29,1296.0,1608.5,1,электроника,0,26341.85,25.1,1.0,44.61,0.9534,0.7051,northwest,sowing
M_1292,NewHollandT9,176.2,2021,4.25,707.4,854.7,1,электроника,1,59607.7,159.3,0.8868,51.93,0.8653,0.5247,central_chernozem,sowing
M_1293,NewHollandT9,181.6,2024,1.5,458.6,524.0,0,прочее,0,0.0,0.0,0.6348,42.43,0.4979,0.9619,vladimir,harvest
M_1294,NewHollandT9,146.4,2022,3.62,1130.2,1268.1,0,прочее,0,0.0,0.0,0.8362,39.07,0.8201,0.6651,altai,harvest
M_1295,NewHollandT9,137.7,2022,3.42,865.1,1197.5,0,прочее,0,0.0,0.0,0.7944,53.26,0.7934,0.7624,north_caucasus,harvest
M_1296,NewHollandT9,221.2,2017,8.93,2534.5,3125.9,0,прочее,0,0.0,0.0,1.0,49.67,0.5455,0.4677,volga,harvest
M_1297,NewHollandT9,195.1,2022,3.01,820.2,1052.6,0,прочее,0,0.0,0.0,0.8594,54.37,0.5551,0.2332,kuban,sowing
M_1298,NewHollandT9,161.3,2020,5.82,1793.0,1959.8,1,электроника,0,40527.16,4.4,0.8812,36.0,0.5016,0.2562,northwest,harvest
M_1299,NewHollandT9,140.5,2024,1.56,403.2,544.4,0,прочее,0,0.0,0.0,0.82,58.14,0.6747,0.0481,central_chernozem,harvest
M_1300,NewHollandT9,162.3,2019,6.16,164.6,176.5,1,электроника,0,62825.56,17.2,1.0,52.16,0.5662,0.7939,central_chernozem,harvest
M_1301,NewHollandT9,154.9,2023,2.75,720.3,963.5,0,прочее,0,0.0,0.0,0.8275,59.19,0.673,0.8129,volga,harvest
M_1302,NewHollandT9,197.4,2021,4.29,507.6,629.6,1,электроника,0,20458.6,11.2,1.0,48.48,0.7576,0.2691,kuban,harvest
M_1303,NewHollandT9,215.4,2019,6.82,52.6,64.0,1,гидравлика,0,64177.6,21.6,1.0,45.82,0.82,0.6543,volga,sowing
M_1304,NewHollandT9,207.0,2021,4.42,262.6,316.1,1,гидравлика,0,135405.17,0.1,1.0,53.58,0.4924,0.0588,volga,harvest
M_1305,NewHollandT9,163.7,2019,6.98,844.5,1021.4,1,электроника,0,28817.94,14.6,1.0,57.43,0.9415,0.4195,volga,harvest
M_1306,NewHollandT9,156.3,2024,1.5,381.8,526.2,0,прочее,0,0.0,0.0,0.843,40.62,0.4423,0.4465,vladimir,sowing
M_1307,NewHollandT9,218.5,2021,4.3,610.7,730.8,1,гидравлика,0,51215.04,3.3,0.9431,48.27,0.4995,0.4098,amur,sowing
M_1308,NewHollandT9,199.8,2021,4.2,1187.0,1470.1,0,прочее,0,0.0,0.0,1.0,57.22,0.8272,0.6658,volga,sowing
M_1309,NewHollandT9,163.4,2021,4.44,134.0,158.4,1,гидравлика,0,34873.49,0.0,0.9335,54.18,0.5963,0.563,north_caucasus,sowing
M_1310,NewHollandT9,195.5,2020,5.4,806.6,956.2,1,электроника,0,31521.04,24.1,1.0,41.85,0.7787,0.626,volga,harvest
M_1311,NewHollandT9,225.7,2017,8.44,2602.7,2769.1,1,электроника,0,13464.55,12.7,1.0,26.24,0.5481,0.7624,amur,sowing
M_1312,NewHollandT9,205.9,2018,7.02,1612.2,1776.5,1,гидравлика,0,89813.43,163.8,1.0,41.26,0.9329,0.4573,altai,harvest
M_1313,NewHollandT9,187.4,2021,4.8,170.5,182.0,1,гидравлика,0,89324.92,11.5,1.0,60.16,0.8519,0.483,kuban,harvest
M_1314,NewHollandT9,165.9,2020,5.84,1694.5,2045.7,0,прочее,0,0.0,0.0,0.911,58.84,0.4786,0.6763,north_caucasus,harvest
M_1315,NewHollandT9,158.2,2024,1.57,462.5,549.2,0,прочее,0,0.0,0.0,0.6318,37.45,0.5943,0.1833,central_chernozem,sowing
M_1316,NewHollandT9,208.5,2017,8.07,1347.1,1597.4,1,трансмиссия,1,143460.93,181.7,1.0,31.8,0.9458,0.4817,vladimir,sowing
M_1317,NewHollandT9,162.1,2018,7.66,1617.7,1833.4,1,гидравлика,1,43725.12,4.9,0.9173,63.47,0.7434,0.6493,north_caucasus,harvest
M_1318,NewHollandT9,183.3,2018,7.15,2020.5,2504.1,0,прочее,0,0.0,0.0,1.0,76.25,0.2915,0.1795,kuban,harvest
M_1319,NewHollandT9,148.7,2017,8.23,694.3,758.1,1,электроника,1,18263.98,93.1,1.0,42.95,0.4115,0.7543,vladimir,harvest
M_1320,NewHollandT9,183.4,2017,8.05,130.1,154.0,1,трансмиссия,1,134588.23,52.2,1.0,47.99,0.6019,0.5947,north_caucasus,sowing
M_1321,NewHollandT9,198.4,2019,6.44,75.5,79.9,1,электроника,1,3342.24,69.2,1.0,51.87,0.6263,0.6961,volga,harvest
M_1322,NewHollandT9,218.4,2021,4.31,1280.0,1507.2,0,прочее,0,0.0,0.0,0.7764,41.18,0.071,0.8583,amur,harvest
M_1323,NewHollandT9,202.6,2017,8.96,195.7,234.0,1,гидравлика,0,67793.44,39.1,1.0,55.35,0.5573,0.7364,volga,harvest
M_1324,NewHollandT9,185.7,2021,4.17,415.5,469.7,1,гидравлика,0,45998.84,3.6,1.0,58.08,0.6495,0.4649,kuban,harvest
M_1325,NewHollandT9,172.4,2022,3.81,293.4,323.0,1,гидравлика,0,23827.65,1.4,0.7862,55.97,0.4181,0.29,volga,sowing
M_1326,NewHollandT9,202.9,2020,5.1,1382.8,1626.9,1,гидравлика,0,60504.63,5.9,1.0,59.85,0.8513,0.4692,kuban,sowing
M_1327,NewHollandT9,183.0,2020,5.81,468.0,519.5,1,гидравлика,0,105689.18,1.9,1.0,41.07,0.0794,0.3042,kuban,sowing
M_1328,NewHollandT9,193.1,2022,3.25,412.0,436.5,1,электроника,0,100165.06,2.5,0.9149,30.11,0.5605,0.5888,northwest,sowing
M_1329,NewHollandT9,168.1,2020,5.23,1332.9,1831.7,0,прочее,0,0.0,0.0,1.0,54.47,0.4011,0.1588,amur,harvest
M_1330,NewHollandT9,183.4,2022,3.18,362.2,395.2,1,трансмиссия,1,73026.92,123.6,0.9762,31.78,0.2569,0.1323,amur,harvest
M_1331,NewHollandT9,225.5,2022,3.48,947.3,1216.4,0,прочее,0,0.0,0.0,0.9438,38.35,0.7964,0.3296,altai,harvest
M_1332,NewHollandT9,189.3,2022,3.95,1093.5,1381.4,0,прочее,0,0.0,0.0,0.9648,35.93,0.5324,0.2008,amur,sowing
M_1333,NewHollandT9,199.3,2022,3.48,350.3,415.5,1,электроника,0,38132.37,27.9,1.0,45.67,0.715,0.5998,northwest,harvest
M_1334,NewHollandT9,194.7,2018,7.62,1267.9,1572.3,1,трансмиссия,1,94996.41,13.9,1.0,55.32,0.8231,0.2571,central_chernozem,sowing
M_1335,NewHollandT9,167.8,2023,2.25,686.2,788.0,0,прочее,0,0.0,0.0,0.5971,73.89,0.6404,0.2491,central_chernozem,harvest
M_1336,NewHollandT9,203.2,2019,6.95,144.8,176.6,1,трансмиссия,0,277127.86,3.3,1.0,55.76,0.8518,0.7327,altai,harvest
M_1337,NewHollandT9,189.1,2021,4.41,420.9,443.3,1,электроника,1,39064.21,49.8,0.9457,39.95,0.7191,0.1382,amur,harvest
M_1338,NewHollandT9,181.2,2018,7.47,1186.7,1441.6,1,электроника,0,29700.09,17.3,1.0,51.91,0.9716,0.3273,vladimir,sowing
M_1339,NewHollandT9,156.8,2022,3.86,955.1,1351.6,0,прочее,0,0.0,0.0,0.7434,40.28,0.8667,0.064,volga,harvest
M_1340,NewHollandT9,143.8,2017,8.78,576.8,702.6,1,электроника,0,64350.78,11.1,1.0,69.49,0.458,0.4243,kuban,harvest
M_1341,NewHollandT9,183.5,2021,4.29,1311.1,1502.4,0,прочее,0,0.0,0.0,0.9042,44.09,0.8709,0.6837,central_chernozem,sowing
M_1342,NewHollandT9,191.4,2024,1.93,528.1,629.1,1,гидравлика,0,92422.12,64.9,0.7531,20.0,0.8166,0.0673,northwest,sowing
M_1343,NewHollandT9,120.3,2017,8.35,445.1,521.3,1,гидравлика,0,25541.4,9.0,1.0,41.54,0.1964,0.1611,vladimir,sowing
M_1344,NewHollandT9,153.9,2021,4.68,29.1,33.7,1,трансмиссия,1,175248.27,32.2,0.9692,46.6,0.6995,0.7106,kuban,sowing
M_1345,NewHollandT9,178.8,2019,6.76,803.2,867.4,1,гидравлика,0,45874.53,4.7,0.965,56.51,0.5946,0.1537,north_caucasus,sowing
M_1346,NewHollandT9,175.3,2019,6.42,1952.8,2246.6,0,прочее,0,0.0,0.0,1.0,55.74,0.7358,0.3828,kuban,sowing
M_1347,NewHollandT9,185.8,2020,5.52,1540.1,1932.1,0,прочее,0,0.0,0.0,1.0,65.91,0.6619,0.1168,north_caucasus,sowing
M_1348,NewHollandT9,184.4,2020,5.53,1660.5,1934.6,0,прочее,0,0.0,0.0,0.8871,57.64,0.6036,0.4705,north_caucasus,sowing
M_1349,NewHollandT9,183.5,2017,8.3,2314.1,2905.6,0,прочее,0,0.0,0.0,1.0,38.31,0.7688,0.8289,altai,sowing
M_1350,NewHollandT9,220.0,2024,1.22,302.2,428.6,0,прочее,0,0.0,0.0,0.8538,33.39,0.5263,0.2837,volga,sowing
M_1351,Versatile280,139.6,2020,5.49,1371.5,1469.0,1,электроника,0,21766.7,38.6,0.8356,76.65,0.7092,0.4665,kuban,harvest
M_1352,Versatile280,116.4,2019,6.78,175.4,205.7,1,гидравлика,0,170025.77,5.3,0.9717,52.16,0.3927,0.2421,volga,harvest
M_1353,Versatile280,103.1,2024,1.88,219.8,247.8,1,трансмиссия,0,282783.59,4.7,0.6288,29.86,0.8659,0.6459,northwest,sowing
M_1354,Versatile280,136.6,2022,3.27,366.7,419.5,1,гидравлика,0,26549.63,1.7,0.8741,47.73,0.4,0.1444,altai,harvest
M_1355,Versatile280,124.5,2022,3.87,691.1,763.4,1,трансмиссия,0,121236.84,7.2,0.9134,52.75,0.7613,0.4981,central_chernozem,harvest
M_1356,Versatile280,140.5,2023,2.39,747.8,835.3,0,прочее,0,0.0,0.0,0.707,46.24,0.6726,0.4335,central_chernozem,sowing
M_1357,Versatile280,129.4,2018,7.51,2115.6,2628.3,0,прочее,0,0.0,0.0,1.0,61.91,0.8661,0.3697,north_caucasus,sowing
M_1358,Versatile280,144.4,2020,5.27,1616.4,1846.0,0,прочее,0,0.0,0.0,1.0,55.38,0.628,0.3774,kuban,harvest
M_1359,Versatile280,135.9,2023,2.09,646.7,732.1,0,прочее,0,0.0,0.0,0.75,62.27,0.3329,0.898,kuban,harvest
M_1360,Versatile280,164.7,2019,6.52,291.0,344.6,1,трансмиссия,0,69944.59,10.2,0.9617,56.89,0.8805,0.1156,volga,sowing
M_1361,Versatile280,182.0,2018,7.84,997.8,1119.8,1,трансмиссия,0,105763.42,72.1,1.0,45.78,0.7482,0.7118,amur,harvest
M_1362,Versatile280,129.9,2022,3.04,10.3,12.2,1,электроника,0,26551.97,5.3,0.7926,57.62,0.6522,0.3771,altai,harvest
M_1363,Versatile280,152.4,2024,1.33,378.2,464.1,0,прочее,0,0.0,0.0,0.6036,39.37,0.6661,0.5292,amur,harvest
M_1364,Versatile280,154.7,2017,8.75,1442.8,1694.7,1,электроника,1,31955.3,101.6,1.0,63.28,0.7244,0.8257,north_caucasus,harvest
M_1365,Versatile280,142.9,2019,6.94,92.6,105.5,1,электроника,0,36374.04,62.0,0.8728,37.38,0.7833,0.9068,altai,sowing
M_1366,Versatile280,178.3,2017,8.0,966.9,1182.4,1,гидравлика,0,94226.98,31.2,1.0,69.02,0.7782,0.4763,kuban,harvest
M_1367,Versatile280,120.0,2018,7.06,218.8,245.8,1,прочее,0,17541.6,1.2,0.9864,62.11,0.8483,0.2904,kuban,harvest
M_1368,Versatile280,143.9,2024,1.75,461.2,611.4,0,прочее,0,0.0,0.0,0.6803,54.46,0.548,0.4818,central_chernozem,sowing
M_1369,Versatile280,172.4,2024,1.89,576.6,662.5,0,прочее,0,0.0,0.0,0.743,40.77,0.6016,0.5256,vladimir,sowing
M_1370,Versatile280,159.4,2023,2.61,801.2,914.5,0,прочее,0,0.0,0.0,0.7476,54.88,0.4019,0.6678,altai,harvest
M_1371,Versatile280,139.0,2022,3.71,916.2,1299.3,0,прочее,0,0.0,0.0,0.6101,41.46,0.4551,0.564,vladimir,harvest
M_1372,Versatile280,131.6,2018,7.3,128.9,157.1,1,гидравлика,0,43400.92,6.2,0.9466,40.92,0.3981,0.5537,amur,harvest
M_1373,Versatile280,127.0,2017,8.13,469.0,502.6,1,двигатель,0,181033.66,21.4,1.0,46.11,0.3442,0.4538,central_chernozem,harvest
M_1374,Versatile280,93.1,2022,3.74,692.0,828.6,1,трансмиссия,1,118188.19,40.0,0.7295,32.4,0.9401,0.2826,northwest,harvest
M_1375,Versatile280,83.3,2018,7.71,529.2,610.1,1,трансмиссия,1,161260.08,14.9,0.8998,32.74,0.4022,0.3474,amur,sowing
M_1376,Versatile280,119.8,2024,1.79,536.7,625.2,0,прочее,0,0.0,0.0,0.6373,59.15,0.447,0.0835,central_chernozem,sowing
M_1377,Versatile280,143.2,2019,6.54,282.3,301.5,1,электроника,0,56495.68,10.1,1.0,49.53,0.4523,0.6767,central_chernozem,sowing
M_1378,Versatile280,133.9,2018,7.56,539.9,620.8,1,электроника,0,52106.47,10.5,1.0,45.58,0.7731,0.2162,vladimir,harvest
M_1379,Versatile280,137.2,2019,6.75,1072.7,1263.4,1,гидравлика,0,51086.51,78.4,0.9177,49.34,0.6861,0.3627,volga,harvest
M_1380,Versatile280,155.0,2020,5.21,240.8,291.8,1,двигатель,1,298296.86,2.9,1.0,32.15,0.735,0.1634,altai,sowing
M_1381,Versatile280,135.7,2020,5.47,527.6,578.7,1,трансмиссия,0,325012.34,28.8,1.0,20.0,0.6916,0.7314,amur,sowing
M_1382,Versatile280,137.3,2020,5.81,1811.2,2033.4,0,прочее,0,0.0,0.0,0.9204,31.85,0.4378,0.3634,northwest,harvest
M_1383,Versatile280,148.8,2023,2.74,772.5,958.8,0,прочее,0,0.0,0.0,0.6468,33.69,0.3807,0.4782,northwest,sowing
M_1384,Versatile280,130.2,2020,5.0,420.8,515.4,1,гидравлика,0,29841.74,1.4,0.8592,35.01,0.8627,0.7465,vladimir,sowing
M_1385,Versatile280,93.7,2023,2.24,641.8,782.4,0,прочее,0,0.0,0.0,0.7805,70.6,0.9001,0.4022,kuban,harvest
M_1386,Versatile280,112.6,2022,3.96,468.7,514.6,1,электроника,1,38307.76,7.7,0.947,54.0,0.7781,0.3288,volga,harvest
M_1387,Versatile280,115.8,2022,3.47,364.6,411.5,1,гидравлика,0,33463.95,17.5,0.9467,41.6,0.8897,0.6991,northwest,harvest
M_1388,Versatile280,124.6,2019,6.71,607.8,643.1,1,гидравлика,0,41790.84,1.4,0.9924,47.0,0.5174,0.2923,central_chernozem,sowing
M_1389,Versatile280,130.0,2020,5.3,608.5,664.2,1,двигатель,1,119061.34,125.6,1.0,50.41,0.5968,0.3903,vladimir,sowing
M_1390,Versatile280,118.5,2019,6.03,1502.6,2111.8,0,прочее,0,0.0,0.0,0.9694,39.32,0.7829,0.4395,vladimir,sowing
M_1391,Versatile280,132.0,2019,6.95,775.7,830.9,1,двигатель,1,205776.98,3.0,0.8933,31.39,0.6395,0.4111,altai,sowing
M_1392,Versatile280,86.8,2020,5.43,1469.3,1684.1,1,электроника,0,65001.76,3.8,0.5471,49.33,0.9613,0.2305,kuban,sowing
M_1393,Versatile280,134.2,2017,8.1,1499.1,1844.3,1,гидравлика,1,25566.84,35.3,1.0,35.71,0.5895,0.3003,central_chernozem,sowing
M_1394,Versatile280,155.9,2023,2.12,521.9,743.0,0,прочее,0,0.0,0.0,0.7011,36.76,0.8545,0.1791,volga,sowing
M_1395,Versatile280,132.4,2022,3.43,937.8,1124.3,1,электроника,1,87381.59,27.3,0.6727,68.61,0.7251,0.2277,central_chernozem,harvest
M_1396,Versatile280,123.2,2020,5.59,427.1,508.7,1,гидравлика,0,63568.58,5.5,0.8985,62.98,0.1999,0.2736,kuban,sowing
M_1397,Versatile280,168.8,2017,8.66,655.8,712.1,1,прочее,0,50458.9,25.1,1.0,62.52,0.6374,0.2212,kuban,harvest
M_1398,Versatile280,154.1,2022,3.44,943.6,1202.9,0,прочее,0,0.0,0.0,0.8026,39.24,0.3115,0.4685,volga,sowing
M_1399,Versatile280,187.9,2018,7.82,273.9,301.2,1,гидравлика,0,86876.43,11.6,1.0,41.69,0.3901,0.7504,northwest,harvest
M_1400,Versatile280,115.7,2021,4.34,695.5,865.8,1,электроника,0,13445.32,19.7,0.7755,66.07,0.9201,0.6808,north_caucasus,harvest
M_1401,Versatile280,133.3,2024,1.54,394.4,538.4,0,прочее,0,0.0,0.0,0.6577,60.1,0.3997,0.2599,kuban,harvest
M_1402,Versatile280,155.3,2019,6.54,19.3,21.7,1,электроника,0,31970.64,54.1,1.0,36.15,0.4235,0.5913,vladimir,sowing
M_1403,Versatile280,97.0,2023,2.57,690.9,842.2,1,гидравлика,0,60809.21,10.8,0.8948,69.06,0.5875,0.3918,kuban,harvest
M_1404,Versatile280,126.2,2021,4.86,1427.3,1576.1,1,электроника,0,55419.03,25.7,0.9404,56.99,0.5266,0.8757,altai,harvest
M_1405,Versatile280,137.3,2024,1.41,347.1,492.7,0,прочее,0,0.0,0.0,0.7594,36.17,0.9097,0.5262,amur,harvest
M_1406,Versatile280,139.1,2019,6.68,461.6,517.5,1,электроника,0,14212.47,4.5,1.0,62.31,0.7988,0.4096,central_chernozem,harvest
M_1407,Versatile280,143.9,2023,2.16,457.2,563.1,1,электроника,0,24277.2,15.2,0.6119,64.58,0.3258,0.4984,kuban,harvest
M_1408,Versatile280,190.2,2021,4.22,1290.7,1477.0,0,прочее,0,0.0,0.0,0.8515,43.96,0.599,0.2717,volga,harvest
M_1409,Versatile280,131.1,2021,4.43,1360.0,1550.5,0,прочее,0,0.0,0.0,0.9179,54.05,0.6537,0.491,central_chernozem,sowing
M_1410,Versatile280,155.5,2017,8.02,591.8,695.5,1,электроника,0,24061.63,18.7,1.0,39.36,0.7415,0.6747,altai,sowing
M_1411,Versatile280,144.1,2018,7.16,1594.8,1959.9,1,электроника,0,43409.15,3.3,1.0,33.67,0.3586,0.3907,vladimir,sowing
M_1412,Versatile280,141.5,2022,3.85,975.4,1347.6,0,прочее,0,0.0,0.0,0.7808,54.95,0.8732,0.6504,north_caucasus,harvest
M_1413,Versatile280,138.3,2017,8.19,0.2,0.2,1,трансмиссия,0,85507.74,1.1,1.0,46.23,0.8608,0.3251,vladimir,harvest
M_1414,Versatile280,163.4,2019,6.27,126.8,145.9,1,гидравлика,0,63142.23,1.6,1.0,58.29,0.3765,0.6018,north_caucasus,sowing
M_1415,Versatile280,173.5,2021,4.47,1382.9,1565.6,0,прочее,0,0.0,0.0,0.8504,67.21,0.6961,0.4323,central_chernozem,harvest
M_1416,Versatile280,149.4,2023,2.92,638.6,676.9,1,электроника,0,24605.36,5.1,0.8392,35.87,0.6066,0.6984,northwest,harvest
M_1417,Versatile280,127.9,2020,5.78,1090.1,1254.3,1,электроника,0,29336.09,5.7,1.0,50.36,0.5467,0.5562,central_chernozem,sowing
M_1418,Versatile280,146.5,2023,2.29,0.0,0.0,1,гидравлика,0,34135.67,30.4,0.5563,42.76,0.4888,0.5753,volga,sowing
M_1419,Versatile280,156.6,2018,7.79,498.4,565.2,1,гидравлика,1,32439.35,22.3,1.0,27.7,0.4011,0.5448,northwest,sowing
M_1420,Versatile280,136.1,2018,7.24,1717.0,2102.5,1,гидравлика,0,83938.72,22.9,1.0,30.96,0.4756,0.0584,amur,sowing
M_1421,Versatile280,131.9,2022,3.44,845.2,1205.0,0,прочее,0,0.0,0.0,0.747,40.47,0.5918,0.6979,northwest,harvest
M_1422,Versatile280,118.7,2017,8.31,892.8,1057.3,1,двигатель,0,181565.56,0.7,0.9171,40.41,0.4506,0.7989,vladimir,harvest
M_1423,Versatile280,140.3,2022,3.94,270.2,306.0,1,двигатель,1,118542.71,77.3,0.8945,39.72,0.9249,0.4857,vladimir,sowing
M_1424,Versatile280,105.0,2020,5.8,818.9,924.1,1,гидравлика,0,117911.78,4.0,0.7746,47.64,0.5724,0.3956,central_chernozem,harvest
M_1425,Versatile280,155.1,2019,6.81,306.5,375.6,1,гидравлика,1,18652.38,0.2,0.9639,34.54,0.8516,0.1256,altai,sowing
M_1426,Versatile280,155.3,2017,8.59,2655.9,3007.8,0,прочее,0,0.0,0.0,1.0,40.4,0.4596,0.593,volga,sowing
M_1427,Versatile280,156.8,2024,1.32,303.9,331.6,1,гидравлика,0,49314.48,25.7,0.7038,44.44,0.406,0.5725,north_caucasus,sowing
M_1428,Versatile280,149.3,2017,8.48,598.6,712.7,1,гидравлика,1,67328.89,89.1,1.0,61.61,0.5086,0.22,kuban,harvest
M_1429,Versatile280,103.2,2023,2.8,848.2,979.4,0,прочее,0,0.0,0.0,0.6349,39.79,0.5095,0.5034,north_caucasus,sowing
M_1430,Versatile280,147.6,2022,3.98,280.6,324.8,1,гидравлика,0,31286.41,7.6,0.8939,32.32,0.4051,0.1518,northwest,sowing
M_1431,Versatile280,120.5,2022,3.13,521.2,602.0,1,трансмиссия,0,257930.62,16.3,0.7183,62.24,0.5462,0.4636,north_caucasus,sowing
M_1432,Versatile280,147.8,2020,5.33,240.9,259.5,1,двигатель,1,142525.0,8.3,0.9851,29.81,0.3057,0.4334,amur,sowing
M_1433,Versatile280,166.9,2024,1.03,29.5,32.6,1,трансмиссия,1,62611.22,94.1,0.6796,32.96,0.6674,0.3486,central_chernozem,sowing
M_1434,Versatile280,118.3,2021,4.03,203.1,230.5,1,электроника,1,13855.85,85.7,0.7727,45.06,0.498,0.21,vladimir,sowing
M_1435,Versatile280,166.5,2021,4.87,256.8,301.8,1,двигатель,1,117890.71,47.8,1.0,41.87,0.8013,0.5247,northwest,harvest
M_1436,Versatile280,139.1,2022,3.54,1063.3,1239.2,0,прочее,0,0.0,0.0,0.9891,44.42,0.8842,0.4377,central_chernozem,sowing
M_1437,Versatile280,80.0,2019,6.75,153.7,182.8,1,гидравлика,0,42397.43,3.1,0.7734,36.1,0.4308,0.3797,altai,sowing
M_1438,Versatile280,182.9,2023,2.57,360.5,404.2,1,электроника,0,33893.64,1.5,0.8235,33.96,0.5582,0.2228,amur,sowing
M_1439,Versatile280,145.1,2018,7.22,1291.8,1605.9,1,электроника,1,24438.81,53.4,0.9956,50.94,0.8523,0.425,volga,sowing
M_1440,Versatile280,116.8,2020,5.67,1342.5,1572.4,1,трансмиссия,0,107634.06,30.1,0.8611,61.32,0.8063,0.5954,altai,harvest
M_1441,Versatile280,153.0,2024,1.41,383.7,492.7,0,прочее,0,0.0,0.0,0.5813,33.49,0.6543,0.5386,amur,harvest
M_1442,Versatile280,148.8,2024,1.56,405.7,546.0,0,прочее,0,0.0,0.0,0.4477,23.36,0.3842,0.4815,amur,sowing
M_1443,Versatile280,129.2,2017,8.23,124.7,154.2,1,электроника,0,17232.15,5.5,0.9253,67.08,0.7272,0.3069,kuban,harvest
M_1444,Versatile280,118.4,2024,1.7,478.5,594.4,0,прочее,0,0.0,0.0,0.6611,39.02,0.4869,0.6784,altai,sowing
M_1445,Versatile280,163.4,2023,2.62,552.3,594.7,1,гидравлика,0,75954.69,0.3,0.6609,53.31,0.7285,0.675,north_caucasus,harvest
M_1446,Versatile280,120.5,2019,6.62,185.6,209.0,1,электроника,0,24171.58,48.7,1.0,35.71,0.712,0.6637,northwest,harvest
M_1447,Versatile280,182.4,2023,2.96,395.3,418.6,1,трансмиссия,1,56759.23,57.7,0.8567,30.75,0.8303,0.0709,amur,harvest
M_1448,Versatile280,152.6,2021,4.66,386.4,408.1,1,трансмиссия,0,80982.59,39.1,1.0,38.06,0.7229,0.3835,northwest,harvest
M_1449,Versatile280,138.8,2020,5.35,1359.2,1873.5,0,прочее,0,0.0,0.0,1.0,47.19,0.6508,0.4367,central_chernozem,sowing
M_1450,Versatile280,116.9,2023,2.94,847.0,1029.1,0,прочее,0,0.0,0.0,0.5938,40.97,0.7306,0.8665,northwest,sowing
M_1451,Versatile280,180.8,2022,3.12,169.8,209.2,1,гидравлика,0,80324.82,1.4,0.7845,35.31,0.9426,0.7264,amur,harvest
M_1452,Versatile280,139.6,2019,6.82,527.5,620.6,1,гидравлика,0,71290.31,16.7,1.0,36.72,0.9677,0.2199,north_caucasus,sowing
M_1453,Versatile280,155.4,2018,7.4,902.9,1022.5,1,электроника,0,27977.27,3.7,1.0,43.86,0.3523,0.4118,volga,sowing
M_1454,Versatile280,153.5,2020,5.16,573.6,606.3,1,трансмиссия,0,112375.82,11.1,0.9212,35.26,0.8366,0.2636,northwest,harvest
M_1455,Versatile280,127.8,2017,8.72,559.5,689.6,1,двигатель,1,74141.0,4.5,1.0,46.81,0.4607,0.4862,vladimir,harvest
M_1456,Versatile280,129.9,2018,7.41,2278.7,2427.5,1,гидравлика,0,64617.6,8.5,1.0,43.92,0.8593,0.1629,amur,harvest
M_1457,Versatile280,123.0,2017,8.69,402.2,451.4,1,электроника,1,34920.69,56.8,1.0,43.32,0.7056,0.1587,north_caucasus,sowing
M_1458,Versatile280,144.1,2017,8.59,1643.4,1750.9,1,гидравлика,0,72349.15,1.5,1.0,46.21,0.8103,0.0579,northwest,harvest
M_1459,Versatile280,144.3,2024,1.58,403.7,554.7,0,прочее,0,0.0,0.0,0.7464,51.36,0.8711,0.2936,amur,harvest
M_1460,Versatile280,127.3,2018,7.62,39.6,42.1,1,трансмиссия,0,221307.79,4.1,1.0,51.3,0.7085,0.135,vladimir,sowing
M_1461,Versatile280,136.1,2020,5.75,1475.1,2011.0,0,прочее,0,0.0,0.0,0.9472,46.28,0.6266,0.7815,north_caucasus,sowing
M_1462,Versatile280,129.3,2019,6.39,1201.1,1326.1,1,электроника,1,43154.3,11.9,0.9857,39.83,0.9758,0.7432,north_caucasus,sowing
M_1463,Versatile280,150.8,2020,5.38,1370.0,1585.2,1,электроника,0,18547.79,6.5,0.8406,45.63,0.3061,0.5109,vladimir,sowing
M_1464,Versatile280,153.0,2023,2.7,737.6,945.6,0,прочее,0,0.0,0.0,0.668,62.3,0.6156,0.4532,central_chernozem,harvest
M_1465,Versatile280,147.8,2024,1.41,259.0,312.0,1,двигатель,1,85080.76,129.6,0.6661,55.1,0.6111,0.5416,kuban,harvest
M_1466,Versatile280,131.8,2024,1.94,529.3,677.7,0,прочее,0,0.0,0.0,0.6292,47.88,0.4462,0.906,northwest,harvest
M_1467,Versatile280,137.5,2023,2.38,700.6,810.5,1,трансмиссия,1,51228.52,8.1,0.611,64.85,0.6277,0.5944,kuban,harvest
M_1468,Versatile280,123.6,2018,7.67,1692.6,1866.4,1,электроника,1,16027.13,6.7,1.0,33.92,0.8206,0.1933,amur,harvest
M_1469,Versatile280,121.9,2019,6.25,629.0,684.8,1,трансмиссия,0,132511.75,7.7,1.0,40.9,0.4332,0.5093,kuban,sowing
M_1470,Versatile280,120.0,2022,3.46,159.3,198.3,1,гидравлика,0,66102.02,36.3,0.8182,51.29,0.3913,0.236,north_caucasus,sowing
M_1471,Versatile280,108.9,2019,6.27,738.6,860.4,1,гидравлика,0,51274.1,11.0,0.9696,57.07,0.8516,0.2034,volga,harvest
M_1472,Versatile280,148.1,2023,2.39,326.5,352.7,1,электроника,0,28926.81,13.5,0.7871,69.05,0.6243,0.3036,kuban,harvest
M_1473,Versatile280,129.7,2024,1.15,335.5,401.2,0,прочее,0,0.0,0.0,0.6034,38.52,0.7681,0.5883,northwest,sowing
M_1474,Versatile280,123.9,2020,5.5,646.6,792.5,1,электроника,1,16560.29,142.3,0.8564,73.87,0.7492,0.4678,central_chernozem,harvest
M_1475,Versatile280,184.8,2023,2.85,748.3,995.9,0,прочее,0,0.0,0.0,0.9869,44.23,0.9386,0.3068,volga,sowing
M_1476,Versatile280,111.5,2018,7.39,2093.8,2322.2,1,трансмиссия,0,90295.3,6.0,1.0,35.19,0.0457,0.5046,amur,harvest
M_1477,Versatile280,145.9,2018,7.42,642.7,800.0,1,гидравлика,0,70825.14,8.7,0.9928,51.57,0.9487,0.8204,altai,sowing
M_1478,Versatile280,171.3,2024,1.35,403.2,471.9,0,прочее,0,0.0,0.0,0.7517,44.94,0.5215,0.4058,vladimir,harvest
M_1479,Versatile280,132.1,2023,2.78,822.7,972.6,0,прочее,0,0.0,0.0,0.8143,36.19,0.6416,0.2066,altai,harvest
M_1480,Versatile280,136.4,2023,2.57,683.8,899.2,0,прочее,0,0.0,0.0,0.8456,65.11,0.707,0.2912,kuban,harvest
M_1481,Versatile280,126.0,2021,4.14,1300.8,1448.7,0,прочее,0,0.0,0.0,0.8128,40.63,0.9096,0.5628,north_caucasus,sowing
M_1482,Versatile280,154.6,2017,8.84,1542.2,1862.5,1,трансмиссия,1,171565.94,107.0,1.0,32.26,0.6576,0.2713,altai,sowing
M_1483,Versatile280,124.2,2022,3.8,1124.0,1328.9,0,прочее,0,0.0,0.0,0.6887,50.9,0.6526,0.7161,volga,harvest
M_1484,Versatile280,141.9,2018,7.25,198.8,226.9,1,гидравлика,0,126256.88,6.8,1.0,50.81,0.9448,0.6412,kuban,sowing
M_1485,Versatile280,140.7,2021,4.36,1175.1,1526.1,0,прочее,0,0.0,0.0,0.8872,63.65,0.6103,0.2464,kuban,harvest
M_1486,Versatile280,101.9,2018,7.42,341.0,389.3,1,электроника,0,34672.3,9.2,0.8116,53.44,0.5889,0.1347,central_chernozem,harvest
M_1487,Versatile280,142.0,2019,6.12,1808.7,2140.7,0,прочее,0,0.0,0.0,0.9319,43.68,0.8025,0.7428,amur,harvest
M_1488,Versatile280,176.5,2023,2.1,571.8,734.4,0,прочее,0,0.0,0.0,0.783,60.36,0.2833,0.2075,north_caucasus,sowing
M_1489,Versatile280,115.8,2024,1.63,486.0,571.4,0,прочее,0,0.0,0.0,0.5711,49.27,0.9305,0.3416,volga,harvest
M_1490,Versatile280,173.5,2019,6.81,456.4,537.4,1,гидравлика,1,60676.0,48.5,0.914,40.34,0.8912,0.0962,amur,harvest
M_1491,Versatile280,143.0,2023,2.7,810.5,945.0,0,прочее,0,0.0,0.0,0.7316,43.52,0.84,0.8088,northwest,harvest
M_1492,Versatile280,133.4,2021,4.07,382.5,410.4,1,электроника,0,20631.75,5.1,0.8233,71.56,0.6735,0.7715,kuban,harvest
M_1493,Versatile280,127.0,2019,6.56,1881.0,2294.4,0,прочее,0,0.0,0.0,1.0,38.09,0.8533,0.5478,northwest,harvest
M_1494,Versatile280,134.6,2020,5.38,47.7,57.0,1,гидравлика,0,57232.25,12.6,0.916,26.43,0.9362,0.5082,northwest,sowing
M_1495,Versatile280,150.4,2018,7.19,140.3,155.2,1,электроника,0,29608.54,5.6,1.0,41.37,0.8337,0.0407,kuban,sowing
M_1496,Versatile280,144.6,2023,2.96,787.4,1035.2,0,прочее,0,0.0,0.0,0.6478,30.67,0.7018,0.6061,vladimir,sowing
M_1497,Versatile280,112.2,2021,4.54,880.3,985.6,1,электроника,0,61018.38,15.9,0.7148,36.69,0.7205,0.0952,altai,sowing
M_1498,Versatile280,141.1,2017,8.7,506.5,601.4,1,трансмиссия,0,178164.42,8.4,1.0,52.65,0.8517,0.207,volga,sowing
M_1499,Versatile280,128.9,2019,6.79,1274.3,1456.1,1,трансмиссия,1,94399.95,17.3,1.0,36.84,0.2597,0.788,central_chernozem,sowing
M_1500,Versatile280,164.3,2020,5.04,751.5,808.2,1,гидравлика,0,25910.1,79.4,0.9145,42.48,0.4675,0.4598,amur,sowing
