okpd2_raw,product_name_raw,project_crop_code,first_year,last_year,has_monthly,has_annual,has_national,has_regional,n_observations,n_observed,n_confidential,n_unavailable,n_structurally_missing,pct_observed
01.11.1,Пшеница,wheat_total,2010,2026,True,True,True,True,1595,1259,232,104,0,78.93416927899686
01.11.11,Пшеница твердая,wheat_durum,2021,2026,True,True,True,True,573,199,263,111,0,34.72949389179756
01.11.12,"Пшеница, кроме твердой пшеницы",wheat_soft,2021,2026,True,True,True,True,1566,1242,220,104,0,79.3103448275862
01.11.12.001.АГ,"Зерновые и зернобобовые 
культуры",grains_pulses_total,2025,2025,True,False,True,True,960,789,118,53,0,82.1875
01.11.12.001.АГ,Зерновые и зернобобовые культуры,grains_pulses_total,2021,2026,True,True,True,True,685,602,55,28,0,87.88321167883211
01.11.12.003.АГ,Культуры зерновые,grains_crops,2021,2026,True,True,True,True,1645,1391,173,81,0,84.55927051671732
01.11.12.004.АГ,Пшеница мягкая 1 класса,wheat_soft_1class,2025,2026,True,True,True,True,167,5,89,73,0,2.9940119760479043
01.11.12.004.АГ,пшеница мягкая 1 класса,wheat_soft_1class,2021,2024,True,False,True,False,45,10,9,7,19,22.22222222222222
01.11.12.005.АГ,Пшеница мягкая 2 класса,wheat_soft_2class,2025,2026,True,True,True,True,154,20,112,22,0,12.987012987012987
01.11.12.005.АГ,пшеница мягкая 2 класса,wheat_soft_2class,2021,2024,True,False,True,False,45,6,10,4,25,13.333333333333334
01.11.12.006.АГ,Пшеница мягкая 3 класса,wheat_soft_3class,2025,2026,True,True,True,True,1321,893,304,124,0,67.60030280090841
01.11.12.006.АГ,пшеница мягкая 3 класса,wheat_soft_3class,2021,2024,True,False,True,False,45,45,0,0,0,100.0
01.11.12.007.АГ,пшеница мягкая 4 класса,wheat_soft_4class,2021,2024,True,False,True,False,45,45,0,0,0,100.0
01.11.12.007.АГ,Пшеница мягкая 4 класса,wheat_soft_4class,2025,2026,True,True,True,True,1260,793,356,111,0,62.93650793650794
01.11.12.008.АГ,Пшеница мягкая 5 класса,wheat_soft_5class,2025,2026,True,True,True,True,1347,969,301,77,0,71.93763919821826
01.11.12.008.АГ,пшеница мягкая 5 класса,wheat_soft_5class,2021,2024,True,False,True,False,45,45,0,0,0,100.0
01.11.20,Кукуруза,maize_grain,2010,2026,True,True,True,True,920,595,220,105,0,64.67391304347827
01.11.31,Ячмень,barley_total,2010,2026,True,True,True,True,1488,992,356,140,0,66.66666666666667
01.11.32,Рожь,rye,2010,2026,True,True,True,True,752,217,297,238,0,28.856382978723403
01.11.33,Овес,oats,2010,2026,True,True,True,True,1427,647,562,218,0,45.33987386124737
01.11.42,Просо,millet,2010,2026,True,True,True,True,360,112,127,121,0,31.11111111111111
01.11.49.110,Гречиха,buckwheat,2010,2026,True,True,True,True,586,145,168,273,0,24.744027303754265
01.11.49.120,Тритикале,triticale,2021,2023,True,False,True,False,33,14,0,3,16,42.42424242424242
01.11.49.120,"Тритикале (пшенично-
ржаной гибрид)",triticale,2025,2025,True,False,True,True,60,0,25,35,0,0.0
01.11.49.120,Тритикале (пшенично-ржаной гибрид),triticale,2024,2026,True,True,True,True,80,3,40,36,1,3.75
01.11.7,Овощи бобовые сушеные (культуры зернобобовые),pulses_dried,2025,2026,True,True,True,True,386,182,142,62,0,47.15025906735751
01.11.7,"Овощи бобовые сушеные (культуры 
зернобобовые)",pulses_dried,2021,2021,True,False,True,False,12,12,0,0,0,100.0
01.11.7,"Овощи бобовые сушеные 
  (культуры зернобобовые)",pulses_dried,2023,2023,True,False,True,False,12,12,0,0,0,100.0
01.11.7,"Овощи бобовые сушеные 
(культуры зернобобовые)",pulses_dried,2010,2025,True,True,True,True,637,237,251,149,0,37.20565149136578
01.11.71,Фасоль сушеная,,2026,2026,True,False,True,True,21,0,18,3,0,0.0
01.11.73,Нут (бараний горох) сушеный,,2025,2026,True,True,True,True,260,69,96,95,0,26.53846153846154
01.11.74,Чечевица сушеная,,2025,2026,True,True,True,True,280,32,116,132,0,11.428571428571429
01.11.75,Горох сушеный,peas_dried,2021,2026,True,True,True,True,991,373,397,221,0,37.63874873864783
01.11.79.190,"Культуры зернобобовые (овощи 
  бобовые сушеные) прочие, 
  не включенные в другие группировки",,2023,2023,True,False,True,False,12,12,0,0,0,100.0
01.11.79.190,"Культуры зернобобовые (овощи 
бобовые сушеные) прочие, 
не включенные в другие группировки",,2022,2025,True,False,True,True,141,25,58,58,0,17.73049645390071
01.11.79.190,"Культуры зернобобовые (овощи бобовые сушеные) прочие, не включенные в другие группировки",,2021,2025,True,True,True,True,22,16,6,0,0,72.72727272727273
01.11.81,Бобы соевые,soybean,2021,2026,True,True,True,True,801,452,230,119,0,56.429463171036204
01.11.91,Семена льна,flax_seed,2025,2026,True,True,True,True,541,108,202,231,0,19.963031423290204
01.11.92,Семена горчицы,mustard_seed,2025,2026,True,True,True,True,120,5,70,45,0,4.166666666666667
01.11.93,Семена рапса,rapeseed_total,2021,2026,True,True,True,True,1017,394,362,261,0,38.74139626352016
01.11.95,Семена подсолнечника,sunflower_grain,2010,2026,True,True,True,True,841,560,175,106,0,66.58739595719382
01.11.99.150,Семена рыжика,,2025,2025,True,True,True,True,39,0,6,33,0,0.0
01.12.10,Рис  нешелушеный,rice_unhusked,2021,2021,True,False,True,False,12,12,0,0,0,100.0
01.12.10,Рис нешелушеный,rice_unhusked,2022,2026,True,True,True,True,147,105,32,10,0,71.42857142857143
01.13.01.001.АГ,Овощи,,2021,2026,True,True,True,True,1692,1346,274,72,0,79.55082742316785
01.13.12.001.АГ,Капуста всех сортов,,2010,2026,True,True,True,True,1120,376,461,283,0,33.57142857142857
01.13.14,Салат-латук,,2025,2026,True,True,True,True,528,188,296,44,0,35.60606060606061
01.13.19,"Овощи листовые или 
стебельные прочие",,2025,2025,True,False,True,True,156,33,84,39,0,21.153846153846153
01.13.19,Овощи листовые или стебельные прочие,,2025,2026,True,True,True,True,118,43,66,9,0,36.440677966101696
01.13.2,Культуры бахчевые,,2021,2025,True,True,True,True,110,11,11,83,5,10.0
01.13.32.000,Огурцы,,2010,2026,True,True,True,True,1548,699,723,126,0,45.15503875968992
01.13.32.101.АГ,Огурцы открытого грунта,,2021,2025,True,True,True,True,123,13,27,78,5,10.56910569105691
01.13.32.102.АГ,Огурцы закрытого грунта,,2021,2026,True,True,True,True,1519,682,720,117,0,44.89795918367347
01.13.34.000,Томаты (помидоры),,2024,2026,True,True,True,True,1345,648,504,193,0,48.17843866171004
01.13.34.000,Томаты  (помидоры),,2010,2025,True,True,True,False,49,49,0,0,0,100.0
01.13.34.101.АГ,Томаты (помидоры) открытого грунта,,2021,2025,True,True,True,True,51,8,8,33,2,15.686274509803921
01.13.34.101.АГ,"Томаты (помидоры) открытого 
грунта",,2025,2025,True,False,True,True,72,2,18,52,0,2.7777777777777777
01.13.34.102.АГ,"Томаты (помидоры) закрытого 
грунта",,2025,2025,True,False,True,True,804,344,333,127,0,42.78606965174129
01.13.34.102.АГ,Томаты (помидоры) закрытого грунта,,2021,2026,True,True,True,True,574,337,171,66,0,58.710801393728225
01.13.41.110,Морковь столовая,,2010,2026,True,True,True,True,1141,398,463,280,0,34.88168273444347
01.13.42,Чеснок,,2024,2024,True,False,True,False,12,0,1,11,0,0.0
01.13.43.110,Лук репчатый,,2010,2026,True,True,True,True,607,196,247,164,0,32.28995057660626
01.13.49.110,Свекла столовая,,2010,2026,True,True,True,True,1147,388,496,263,0,33.82737576285963
01.13.51,Картофель,,2010,2026,True,True,True,True,1461,798,517,146,0,54.620123203285424
01.13.71.110,Корнеплоды свеклы сахарной,,2021,2026,True,True,True,True,557,166,103,283,5,29.802513464991023
01.13.80,Грибы и трюфели,,2025,2026,True,True,True,True,321,238,73,10,0,74.14330218068535
01.16.19.111,Волокно льна-долгунца,,2021,2026,True,True,True,True,131,24,50,41,16,18.3206106870229
01.16.19.120,Волокно обыкновенной конопли необработанное,,2025,2026,True,True,True,True,24,3,12,9,0,12.5
01.16.19.120,"Волокно обыкновенной 
конопли необработанное",,2025,2025,True,False,True,True,36,0,24,12,0,0.0
01.19.10,Культуры кормовые,,2026,2026,True,False,True,True,98,11,44,43,0,11.224489795918368
01.19.10.004.АГ,Кукуруза на корм,,2024,2025,True,True,True,True,116,20,64,32,0,17.24137931034483
01.21.1,Виноград,,2021,2026,True,True,True,True,209,46,17,141,5,22.00956937799043
01.24.10.001.АГ,Семечковые плоды,,2021,2026,True,True,True,True,751,340,253,158,0,45.27296937416778
01.24.23.001.АГ,Косточковые плоды,,2021,2026,True,True,True,True,376,64,96,212,4,17.02127659574468
01.25.1,"Ягоды и плоды растений 
вида Vaccinium",,2022,2022,True,False,True,False,9,4,0,4,1,44.44444444444444
01.25.1,"Ягоды и плоды растений вида 
  Vaccinium",,2023,2023,True,False,True,False,12,6,0,4,2,50.0
01.25.1,Ягоды и плоды растений вида Vaccinium,,2021,2026,True,True,True,True,551,54,126,368,3,9.800362976406534
01.28.11.001.АГ,"Пряности необработанные, 
кроме семян",,2025,2025,True,False,True,True,36,9,24,3,0,25.0
01.28.11.001.АГ,"Пряности необработанные, кроме семян",,2024,2026,True,True,True,True,36,18,7,10,1,50.0
01.41.10.001.АГ,Крупный рогатый скот,,2010,2026,True,True,True,True,1861,1601,224,36,0,86.02901665771091
01.41.20,"Молоко сырое крупного 
рогатого скота",,2010,2025,True,True,True,True,1060,928,132,0,0,87.54716981132076
01.41.20,Молоко сырое крупного рогатого скота,,2021,2026,True,True,True,True,727,669,55,3,0,92.02200825309491
01.41.20,"Молоко  сырое  крупного 
рогатого скота",,2022,2022,True,False,True,False,9,9,0,0,0,100.0
01.41.20,"Молоко  сырое  крупного рогатого 
  скота",,2023,2023,True,False,True,False,12,12,0,0,0,100.0
01.41.44.001.АГ,Скот и птица (в живом весе),,2021,2026,True,True,True,True,1912,1744,165,3,0,91.2133891213389
01.43.10.100,Лошади живые,,2021,2026,True,True,True,True,430,125,148,157,0,29.069767441860463
01.45.12.001.АГ,Овцы и козы,,2010,2026,True,True,True,True,640,242,300,98,0,37.8125
01.45.30,"Шерсть  стриженая  немытая овец и коз, 
  включая стриженую шерсть, промытую 
  руном",,2023,2023,True,False,True,False,12,2,0,7,3,16.666666666666668
01.45.30,"Шерсть  стриженая  немытая овец и коз, включая стриженую шерсть, промытую руном",,2021,2022,True,False,True,False,21,8,0,12,1,38.095238095238095
01.45.30,"Шерсть стриженая немытая овец и коз, 
включая стриженую шерсть, промытую руном",,2024,2024,True,False,True,False,12,3,4,5,0,25.0
01.45.30,"Шерсть стриженая немытая овец и коз, включая стриженую шерсть, промытую руном",,2025,2026,True,True,True,True,165,8,36,121,0,4.848484848484849
01.46.10.001.АГ,Свиньи,,2010,2026,True,True,True,True,1388,1046,333,9,0,75.36023054755043
01.47.1,"Птица сельскохозяйственная 
живая",,2010,2025,False,True,True,False,16,16,0,0,0,100.0
01.47.1,Птица сельскохозяйственная живая,,2021,2026,True,True,True,True,1506,884,597,25,0,58.698539176626824
01.47.11,Куры живые,,2025,2026,True,True,True,True,1434,817,597,20,0,56.97350069735007
01.47.12,Индейки живые,,2025,2026,True,True,True,True,214,27,175,12,0,12.616822429906541
01.47.13,Гуси живые,,2025,2026,True,True,True,True,60,3,27,30,0,5.0
01.47.14.100,Утки живые,,2025,2026,True,True,True,True,154,22,122,10,0,14.285714285714286
01.47.21.000,"Яйца куриные 
в скорлупе свежие",,2010,2025,False,True,True,False,16,16,0,0,0,100.0
01.47.21.000,Яйца куриные в скорлупе свежие,,2021,2026,True,True,True,True,1512,1304,203,5,0,86.24338624338624
01.49.19.001.АГ,"Шкурки невыделанные лисицы 
клеточного разведения",,2024,2024,True,False,True,False,12,0,0,11,1,0.0
01.49.19.001.АГ,Шкурки невыделанные лисицы клеточного разведения,,2025,2026,True,True,True,True,81,0,13,68,0,0.0
01.49.19.002.АГ,"Шкурки невыделанные песца 
клеточного разведения",,2024,2024,True,False,True,False,12,0,0,11,1,0.0
01.49.19.002.АГ,Шкурки невыделанные песца клеточного разведения,,2025,2026,True,True,True,True,81,0,12,69,0,0.0
01.49.19.003.АГ,"Шкурки невыделанные норки 
  клеточного разведения",,2023,2023,True,False,True,False,12,9,0,0,3,75.0
01.49.19.003.АГ,"Шкурки невыделанные норки 
клеточного разведения",,2022,2024,True,False,True,False,21,11,2,5,3,52.38095238095238
01.49.19.003.АГ,Шкурки невыделанные норки клеточного разведения,,2021,2026,True,True,True,True,152,20,44,86,2,13.157894736842104
01.49.19.005.АГ,"Шкурки невыделанные соболя 
клеточного разведения",,2024,2024,True,False,True,False,12,0,2,9,1,0.0
01.49.19.005.АГ,Шкурки невыделанные соболя клеточного разведения,,2025,2026,True,True,True,True,100,3,18,39,40,3.0
01.49.19.110,Олени северные,,2021,2026,True,True,True,True,385,183,150,52,0,47.532467532467535
01.49.21.110,Мед натуральный пчелиный,,2021,2026,True,True,True,True,284,102,119,63,0,35.91549295774648
