okpd2_raw,product_name_raw,first_year,last_year,monthly_available,annual_available,national_available,regional_available,n_observations,n_observed_values,n_confidential,n_unavailable,n_structurally_missing
01.11.1,,2025,2026,True,False,False,True,19,0,0,0,19
01.11.11,,2025,2026,True,False,False,True,19,0,0,0,19
01.11.12,,2025,2026,True,False,False,True,19,0,0,0,19
01.11.12.001.АГ,,2025,2026,True,False,False,True,19,0,0,0,19
01.11.12.003.АГ,,2025,2026,True,False,False,True,19,0,0,0,19
01.11.12.004.АГ,,2025,2026,True,False,False,True,19,0,0,0,19
01.11.12.005.АГ,,2025,2026,True,False,False,True,19,0,0,0,19
01.11.12.006.АГ,,2025,2026,True,False,False,True,19,0,0,0,19
01.11.12.007.АГ,,2025,2026,True,False,False,True,19,0,0,0,19
01.11.12.008.АГ,,2025,2026,True,False,False,True,19,0,0,0,19
01.11.20,,2025,2026,True,False,False,True,19,0,0,0,19
01.11.31,,2025,2026,True,False,False,True,19,0,0,0,19
01.11.32,,2025,2026,True,False,False,True,19,0,0,0,19
01.11.33,,2025,2026,True,False,False,True,19,0,0,0,19
01.11.42,,2025,2026,True,False,False,True,19,0,0,0,19
01.11.49.110,,2025,2026,True,False,False,True,19,0,0,0,19
01.11.49.120,,2025,2026,True,False,False,True,19,0,0,0,19
01.11.7,,2025,2026,True,False,False,True,19,0,0,0,19
01.11.71,,2026,2026,True,False,False,True,7,0,0,0,7
01.11.73,,2025,2026,True,False,False,True,19,0,0,0,19
01.11.74,,2025,2026,True,False,False,True,19,0,0,0,19
01.11.75,,2025,2026,True,False,False,True,19,0,0,0,19
01.11.79.190,,2025,2025,True,False,False,True,12,0,0,0,12
01.11.81,,2025,2026,True,False,False,True,19,0,0,0,19
01.11.91,,2025,2026,True,False,False,True,19,0,0,0,19
01.11.92,,2025,2026,True,False,False,True,19,0,0,0,19
01.11.93,,2025,2026,True,False,False,True,19,0,0,0,19
01.11.95,,2025,2026,True,False,False,True,19,0,0,0,19
01.11.99.150,,2025,2025,True,False,False,True,12,0,0,0,12
01.12.10,,2025,2026,True,False,False,True,19,0,0,0,19
01.13.01.001.АГ,,2025,2026,True,False,False,True,19,0,0,0,19
01.13.12.001.АГ,,2025,2026,True,False,False,True,19,0,0,0,19
01.13.14,,2025,2026,True,False,False,True,19,0,0,0,19
01.13.19,,2025,2026,True,False,False,True,19,0,0,0,19
01.13.2,,2025,2025,True,False,False,True,12,0,0,0,12
01.13.32.000,,2025,2026,True,False,False,True,19,0,0,0,19
01.13.32.101.АГ,,2025,2025,True,False,False,True,12,0,0,0,12
01.13.32.102.АГ,,2025,2026,True,False,False,True,19,0,0,0,19
01.13.34.000,,2025,2026,True,False,False,True,19,0,0,0,19
01.13.34.101.АГ,,2025,2025,True,False,False,True,12,0,0,0,12
01.13.34.102.АГ,,2025,2026,True,False,False,True,19,0,0,0,19
01.13.41.110,,2025,2026,True,False,False,True,19,0,0,0,19
01.13.43.110,,2025,2026,True,False,False,True,19,0,0,0,19
01.13.49.110,,2025,2026,True,False,False,True,19,0,0,0,19
01.13.51,,2025,2026,True,False,False,True,19,0,0,0,19
01.13.71.110,,2025,2026,True,False,False,True,19,0,0,0,19
01.13.80,,2025,2026,True,False,False,True,19,0,0,0,19
01.16.19.111,,2025,2026,True,False,False,True,19,0,0,0,19
01.16.19.120,,2025,2026,True,False,False,True,19,0,0,0,19
01.19.10,,2026,2026,True,False,False,True,7,0,0,0,7
01.19.10.004.АГ,,2025,2025,True,False,False,True,12,0,0,0,12
01.21.1,,2025,2026,True,False,False,True,19,0,0,0,19
01.24.10.001.АГ,,2025,2026,True,False,False,True,19,0,0,0,19
01.24.23.001.АГ,,2025,2026,True,False,False,True,19,0,0,0,19
01.25.1,,2025,2026,True,False,False,True,19,0,0,0,19
01.28.11.001.АГ,,2025,2026,True,False,False,True,19,0,0,0,19
01.41.10.001.АГ,,2025,2026,True,False,False,True,19,0,0,0,19
01.41.20,,2025,2026,True,False,False,True,19,0,0,0,19
01.41.44.001.АГ,,2025,2026,True,False,False,True,19,0,0,0,19
01.43.10.100,,2025,2026,True,False,False,True,19,0,0,0,19
01.45.12.001.АГ,,2025,2026,True,False,False,True,19,0,0,0,19
01.45.30,,2025,2026,True,False,False,True,19,0,0,0,19
01.46.10.001.АГ,,2025,2026,True,False,False,True,19,0,0,0,19
01.47.1,,2025,2026,True,False,False,True,19,0,0,0,19
01.47.11,,2025,2026,True,False,False,True,19,0,0,0,19
01.47.12,,2025,2026,True,False,False,True,19,0,0,0,19
01.47.13,,2025,2026,True,False,False,True,19,0,0,0,19
01.47.14.100,,2025,2026,True,False,False,True,19,0,0,0,19
01.47.21.000,,2025,2026,True,False,False,True,19,0,0,0,19
01.49.19.001.АГ,,2025,2026,True,False,False,True,19,0,0,0,19
01.49.19.002.АГ,,2025,2026,True,False,False,True,19,0,0,0,19
01.49.19.003.АГ,,2025,2026,True,False,False,True,19,0,0,0,19
01.49.19.005.АГ,,2025,2026,True,False,False,True,19,0,0,0,19
01.49.19.110,,2025,2026,True,False,False,True,19,0,0,0,19
01.49.21.110,,2025,2026,True,False,False,True,19,0,0,0,19
,- Данных не имеется.,2010,2026,True,True,True,True,76,0,0,0,76
,"... Данные  не  размещаются в целях обеспечения конфиденциальности первичных статистических данных, полученных от организаций, в соответствии с Федеральным законом от 29 ноября 2007 г. 
№ 282-ФЗ «Об официальном статистическом учете и системе государственной статистики в Российской Федерации» (п.5 ст. 4; ч.1 ст. 9).",2021,2023,True,False,True,False,33,0,0,0,33
,"... Данные не размещаются в целях обеспечения конфиденциальности первичных статистических данных, полученных  от организаций, в соответствии с Федеральным законом от 29 ноября 2007 г. № 282-ФЗ «Об официальном  
статистическом  учете и системе государственной статистики в Российской Федерации» (п.5 ст. 4; ч.1 ст. 9).",2025,2025,True,False,False,True,12,0,0,0,12
,"... Данные не размещаются в целях обеспечения конфиденциальности первичных статистических данных, полученных  от организаций, в соответствии с Федеральным законом от 29 ноября 2007 г. № 282-ФЗ «Об официальном  статистическом  учете и системе государственной статистики 
в Российской Федерации» (п.5 ст. 4; ч.1 ст. 9).",2026,2026,True,False,False,True,7,0,0,0,7
,"... Данные не размещаются в целях обеспечения конфиденциальности первичных статистических данных, полученных от организаций,  в соответствии с Федеральным законом от 29 ноября 2007 г. № 282-ФЗ «Об официальном статистическом учете и системе государственной статистики в Российской Федерации» (п.5 ст. 4; ч.1 ст. 9).",2024,2024,True,False,True,False,12,0,0,0,12
,"1 Без учета статистической информации по Донецкой Народной Республике, Луганской Народной Республике, Запорожской и Херсонской областям.",2010,2026,True,True,True,True,76,0,0,0,76
,Алтайский край,2025,2026,True,False,False,True,810,368,292,150,0
,Амурская область,2025,2026,True,False,False,True,487,292,189,6,0
,Архангельская область,2025,2026,True,False,False,True,235,167,36,32,0
,Архангельская область (кроме Ненецкого автономного округа),2025,2026,True,False,False,True,202,112,55,35,0
,Астраханская область,2025,2026,True,False,False,True,355,49,159,147,0
,Белгородская область,2025,2026,True,False,False,True,605,372,155,78,0
,Бобы соевые,2021,2024,True,False,True,False,45,45,0,0,0
,Брянская область,2025,2026,True,False,False,True,663,372,198,93,0
,Виноград,2021,2024,True,False,True,False,45,15,1,24,5
,Владимирская область,2025,2026,True,False,False,True,487,215,225,47,0
,Волгоградская область,2025,2026,True,False,False,True,546,318,158,70,0
,Вологодская область,2025,2026,True,False,False,True,513,152,300,61,0
,Волокно льна-долгунца,2021,2024,True,False,True,False,45,18,6,5,16
,Воронежская область,2025,2026,True,False,False,True,684,396,185,103,0
,Город федерального значения Севастополь,2026,2026,True,False,False,True,63,0,21,42,0
,Горох сушеный,2021,2024,True,False,True,False,45,45,0,0,0
,Гречиха,2010,2024,True,True,True,False,57,57,0,0,0
,Еврейская автономная область,2025,2026,True,False,False,True,133,1,112,20,0
,Забайкальский край,2025,2026,True,False,False,True,449,149,221,79,0
,Зерновые и зернобобовые культуры,2021,2024,True,False,True,False,45,45,0,0,0
,Зерновые культуры,2010,2021,False,True,True,False,24,0,0,0,24
,Ивановская область,2025,2026,True,False,False,True,380,190,131,59,0
,Иркутская область,2025,2026,True,False,False,True,582,335,157,90,0
,Кабардино-Балкарская Республика,2025,2026,True,False,False,True,476,107,193,176,0
,Калининградская область,2025,2026,True,False,False,True,646,304,199,143,0
,Калужская область,2025,2026,True,False,False,True,463,263,144,56,0
,Камчатский край,2025,2026,True,False,False,True,247,159,73,15,0
,Капуста всех сортов,2010,2024,True,True,True,False,57,57,0,0,0
,Карачаево-Черкесская Республика,2025,2026,True,False,False,True,359,8,200,151,0
,Картофель,2010,2024,True,True,True,False,69,69,0,0,0
,Кемеровская область - Кузбасс,2025,2026,True,False,False,True,613,426,132,55,0
,Кировская область,2025,2026,True,False,False,True,418,284,100,34,0
,Корнеплоды свеклы сахарной,2021,2024,True,False,True,False,45,27,3,10,5
,Косточковые плоды,2021,2024,True,False,True,False,45,22,2,17,4
,Костромская область,2025,2026,True,False,False,True,418,131,198,89,0
,Краснодарский край,2025,2026,True,False,False,True,815,495,204,116,0
,Краснодарский край (с учетом ФТ «Сириус»),2026,2026,True,False,False,True,287,180,70,37,0
,Красноярский край,2025,2026,True,False,False,True,615,330,197,88,0
,Крупный рогатый скот,2010,2024,True,True,True,False,57,57,0,0,0
,Кукуруза,2010,2024,True,True,True,False,57,57,0,0,0
,Кукуруза на корм,2024,2024,True,False,True,False,12,10,2,0,0
,Культуры бахчевые,2021,2024,True,False,True,False,45,6,1,33,5
,"Культуры зернобобовые (овощи 
  бобовые сушеные) прочие, 
  не включенные в другие группировки",2023,2023,True,False,True,False,12,12,0,0,0
,"Культуры зернобобовые (овощи 
бобовые сушеные) прочие, 
не включенные в другие группировки",2022,2024,True,False,True,False,21,21,0,0,0
,"Культуры зернобобовые (овощи бобовые сушеные) прочие, не включенные в другие группировки",2021,2021,True,False,True,False,12,12,0,0,0
,Культуры зерновые,2021,2024,True,False,True,False,45,45,0,0,0
,Курганская область,2025,2026,True,False,False,True,665,303,270,92,0
,Курская область,2025,2026,True,False,False,True,611,360,125,126,0
,Ленинградская область,2025,2026,True,False,False,True,487,256,166,65,0
,Липецкая область,2025,2026,True,False,False,True,620,352,212,56,0
,Лошади живые,2021,2024,True,False,True,False,45,45,0,0,0
,Лук репчатый,2010,2024,True,True,True,False,57,57,0,0,0
,Магаданская область,2025,2026,True,False,False,True,130,54,62,14,0
,Мед натуральный пчелиный,2021,2024,True,False,True,False,45,45,0,0,0
,"Молоко  сырое  крупного 
рогатого скота",2022,2022,True,False,True,False,9,9,0,0,0
,"Молоко  сырое  крупного рогатого 
  скота",2023,2023,True,False,True,False,12,12,0,0,0
,"Молоко сырое крупного 
рогатого скота",2010,2021,False,True,True,False,24,24,0,0,0
,Молоко сырое крупного рогатого скота,2021,2024,True,False,True,False,24,24,0,0,0
,Морковь столовая,2010,2024,True,True,True,False,57,57,0,0,0
,Московская область,2025,2026,True,False,False,True,592,361,143,88,0
,Мурманская область,2025,2026,True,False,False,True,76,9,63,4,0
,Ненецкий автономный округ (Архангельская область),2025,2026,True,False,False,True,185,68,81,36,0
,Нижегородская область,2025,2026,True,False,False,True,641,441,145,55,0
,Новгородская область,2025,2026,True,False,False,True,425,185,169,71,0
,Новосибирская область,2025,2026,True,False,False,True,758,396,223,139,0
,Овес,2010,2024,True,True,True,False,57,57,0,0,0
,Овощи,2010,2024,True,True,True,False,69,45,0,0,24
,"Овощи бобовые сушеные 
  (культуры зернобобовые)",2023,2023,True,False,True,False,12,12,0,0,0
,"Овощи бобовые сушеные 
(культуры зернобобовые)",2010,2024,True,True,True,False,33,33,0,0,0
,"Овощи бобовые сушеные (культуры 
зернобобовые)",2021,2021,True,False,True,False,12,12,0,0,0
,Овцы и козы,2010,2024,True,True,True,False,57,56,0,1,0
,Огурцы,2010,2024,True,True,True,False,57,57,0,0,0
,Огурцы закрытого грунта,2021,2024,True,False,True,False,45,45,0,0,0
,Огурцы открытого грунта,2021,2024,True,False,True,False,45,10,1,29,5
,Олени северные,2021,2024,True,False,True,False,45,45,0,0,0
,Омская область,2025,2026,True,False,False,True,615,309,224,82,0
,Оренбургская область,2025,2026,True,False,False,True,397,211,115,71,0
,Орловская область,2025,2026,True,False,False,True,551,377,130,44,0
,Пензенская область,2025,2026,True,False,False,True,860,431,237,192,0
,Пермский край,2025,2026,True,False,False,True,437,242,154,41,0
,Приморский край,2025,2026,True,False,False,True,537,290,182,65,0
,Просо,2010,2024,True,True,True,False,57,57,0,0,0
,"Пряности необработанные, кроме семян",2024,2024,True,False,True,False,12,3,4,4,1
,Псковская область,2025,2026,True,False,False,True,442,259,117,66,0
,"Птица сельскохозяйственная 
живая",2010,2021,False,True,True,False,12,12,0,0,0
,Птица сельскохозяйственная живая,2021,2024,True,False,True,False,45,45,0,0,0
,Пшеница,2010,2024,True,True,True,False,57,57,0,0,0
,Пшеница твердая,2021,2024,True,False,True,False,45,45,0,0,0
,"Пшеница, кроме твердой пшеницы",2021,2024,True,False,True,False,45,45,0,0,0
,Республика Адыгея (Адыгея),2025,2026,True,False,False,True,399,165,176,58,0
,Республика Алтай,2025,2026,True,False,False,True,138,39,44,55,0
,Республика Башкортостан,2025,2026,True,False,False,True,686,393,206,87,0
,Республика Бурятия,2025,2026,True,False,False,True,354,127,130,97,0
,Республика Дагестан,2025,2026,True,False,False,True,361,120,176,65,0
,Республика Ингушетия,2025,2026,True,False,False,True,257,40,99,118,0
,Республика Калмыкия,2025,2026,True,False,False,True,383,113,157,113,0
,Республика Карелия,2025,2026,True,False,False,True,57,27,30,0,0
,Республика Коми,2025,2026,True,False,False,True,304,76,197,31,0
,Республика Крым,2025,2026,True,False,False,True,729,388,218,123,0
,Республика Марий Эл,2025,2026,True,False,False,True,394,234,121,39,0
,Республика Мордовия,2025,2026,True,False,False,True,860,380,273,207,0
,Республика Саха (Якутия),2025,2026,True,False,False,True,365,108,209,48,0
,Республика Северная Осетия-Алания,2025,2026,True,False,False,True,454,82,224,148,0
,Республика Татарстан (Татарстан),2025,2026,True,False,False,True,686,412,194,80,0
,Республика Тыва,2025,2026,True,False,False,True,107,40,44,23,0
,Республика Хакасия,2025,2026,True,False,False,True,256,92,127,37,0
,Рис  нешелушеный,2021,2021,True,False,True,False,12,12,0,0,0
,Рис нешелушеный,2022,2024,True,False,True,False,33,33,0,0,0
,Рожь,2010,2024,True,True,True,False,57,57,0,0,0
,Ростовская область,2025,2026,True,False,False,True,760,364,267,129,0
,Рязанская область,2025,2026,True,False,False,True,749,412,207,130,0
,Самарская область,2025,2026,True,False,False,True,786,463,242,81,0
,Саратовская область,2025,2026,True,False,False,True,734,411,195,128,0
,Сахалинская область,2025,2026,True,False,False,True,342,266,73,3,0
,Свекла столовая,2010,2024,True,True,True,False,57,57,0,0,0
,Свердловская область,2025,2026,True,False,False,True,551,437,79,35,0
,Свиньи,2010,2024,True,True,True,False,57,57,0,0,0
,Семена подсолнечника,2010,2024,True,True,True,False,69,69,0,0,0
,Семена рапса,2021,2024,True,False,True,False,45,45,0,0,0
,Семечковые плоды,2021,2024,True,False,True,False,45,45,0,0,0
,Скот и птица (в живом весе),2010,2024,True,True,True,False,69,45,0,0,24
,Смоленская область,2025,2026,True,False,False,True,458,144,191,123,0
,Ставропольский край,2025,2026,True,False,False,True,825,405,229,191,0
,Тамбовская область,2025,2026,True,False,False,True,665,386,175,104,0
,Тверская область,2025,2026,True,False,False,True,385,161,135,89,0
,Томаты  (помидоры),2010,2023,True,True,True,False,45,45,0,0,0
,Томаты (помидоры),2024,2024,True,False,True,False,12,12,0,0,0
,Томаты (помидоры) закрытого грунта,2021,2024,True,False,True,False,45,45,0,0,0
,Томаты (помидоры) открытого грунта,2021,2024,True,False,True,False,45,7,3,33,2
,Томская область,2025,2026,True,False,False,True,544,287,223,34,0
,Тритикале,2021,2023,True,False,True,False,33,14,0,3,16
,Тритикале (пшенично-ржаной гибрид),2024,2024,True,False,True,False,12,0,1,10,1
,Тульская область,2025,2026,True,False,False,True,612,298,213,101,0
,Тюменская область,2025,2026,True,False,False,True,572,351,194,27,0
,Тюменская область (кроме Ханты-Мансийского автономного округа-Югры и Ямало-Ненецкого автономного округа),2025,2026,True,False,False,True,539,362,160,17,0
,Удмуртская Республика,2025,2026,True,False,False,True,525,291,177,57,0
,Ульяновская область,2025,2026,True,False,False,True,684,334,210,140,0
,Хабаровский край,2025,2026,True,False,False,True,271,127,99,45,0
,Ханты-Мансийский автономный округ - Югра (Тюменская область),2025,2026,True,False,False,True,128,55,60,13,0
,Челябинская область,2025,2026,True,False,False,True,570,287,224,59,0
,Чеснок,2024,2024,True,False,True,False,12,0,1,11,0
,Чеченская Республика,2025,2026,True,False,False,True,426,127,147,152,0
,Чувашская Республика - Чувашия,2025,2026,True,False,False,True,513,301,145,67,0
,Чукотский автономный округ,2025,2026,True,False,False,True,190,62,106,22,0
,"Шерсть  стриженая  немытая овец и коз, 
  включая стриженую шерсть, промытую 
  руном",2023,2023,True,False,True,False,12,2,0,7,3
,"Шерсть  стриженая  немытая овец и коз, включая стриженую шерсть, промытую руном",2021,2022,True,False,True,False,21,8,0,12,1
,"Шерсть стриженая немытая овец и коз, 
включая стриженую шерсть, промытую руном",2024,2024,True,False,True,False,12,3,4,5,0
,"Шкурки невыделанные лисицы 
клеточного разведения",2024,2024,True,False,True,False,12,0,0,11,1
,"Шкурки невыделанные норки 
  клеточного разведения",2023,2023,True,False,True,False,12,9,0,0,3
,"Шкурки невыделанные норки 
клеточного разведения",2022,2024,True,False,True,False,21,11,2,5,3
,Шкурки невыделанные норки клеточного разведения,2021,2021,True,False,True,False,12,10,0,0,2
,"Шкурки невыделанные песца 
клеточного разведения",2024,2024,True,False,True,False,12,0,0,11,1
,"Шкурки невыделанные соболя 
клеточного разведения",2024,2024,True,False,True,False,12,0,2,9,1
,"Ягоды и плоды растений 
вида Vaccinium",2022,2022,True,False,True,False,9,4,0,4,1
,"Ягоды и плоды растений вида 
  Vaccinium",2023,2023,True,False,True,False,12,6,0,4,2
,Ягоды и плоды растений вида Vaccinium,2021,2024,True,False,True,False,24,9,3,9,3
,"Яйца куриные 
в скорлупе свежие",2010,2021,False,True,True,False,12,12,0,0,0
,Яйца куриные в скорлупе свежие,2010,2024,True,True,True,False,57,57,0,0,0
,Ямало-Ненецкий автономный округ (Тюменская область),2025,2026,True,False,False,True,167,21,82,64,0
,Ярославская область,2025,2026,True,False,False,True,463,145,232,86,0
,Ячмень,2010,2024,True,True,True,False,57,57,0,0,0
,г.Севастополь,2025,2025,True,False,False,True,144,1,75,68,0
,гречиха,2010,2021,False,True,True,False,12,12,0,0,0
,капуста всех сортов,2010,2021,False,True,True,False,12,12,0,0,0
,крупный рогатый скот,2010,2021,False,True,True,False,12,12,0,0,0
,кукуруза,2010,2021,False,True,True,False,12,12,0,0,0
,лук репчатый,2010,2021,False,True,True,False,12,12,0,0,0
,морковь столовая,2010,2021,False,True,True,False,12,12,0,0,0
,овес,2010,2021,False,True,True,False,12,12,0,0,0
,"овощи бобовые сушеные 
(культуры зернобобовые)",2010,2021,False,True,True,False,12,12,0,0,0
,овцы и козы,2010,2021,False,True,True,False,12,12,0,0,0
,огурцы,2010,2021,False,True,True,False,12,12,0,0,0
,просо,2010,2021,False,True,True,False,12,12,0,0,0
,"птица сельскохозяйственная 
живая",2010,2021,False,True,True,False,12,12,0,0,0
,пшеница,2010,2021,False,True,True,False,12,12,0,0,0
,пшеница мягкая 1 класса,2021,2024,True,False,True,False,45,10,9,7,19
,пшеница мягкая 2 класса,2021,2024,True,False,True,False,45,6,10,4,25
,пшеница мягкая 3 класса,2021,2024,True,False,True,False,45,45,0,0,0
,пшеница мягкая 4 класса,2021,2024,True,False,True,False,45,45,0,0,0
,пшеница мягкая 5 класса,2021,2024,True,False,True,False,45,45,0,0,0
,рожь,2010,2021,False,True,True,False,12,12,0,0,0
,свекла столовая,2010,2021,False,True,True,False,12,12,0,0,0
,свиньи,2010,2021,False,True,True,False,12,12,0,0,0
,томаты (помидоры),2010,2021,False,True,True,False,12,12,0,0,0
,ячмень,2010,2021,False,True,True,False,12,12,0,0,0
