region_name,year,z_raw,n_crops_included,coverage,lineage,z_standardized
Алтайский край,2011,4.867349765690083,3,0.5610488766506038,"Z = sum(w^0_{Алтайский край}) * ln(P^N_c,2010); basket: ['01.11.31', '01.11.95', '01.11.1']; baseline_weights: 2015-2017",-2.1764300273513233
Алтайский край,2012,4.812689418920788,3,0.5610488766506038,"Z = sum(w^0_{Алтайский край}) * ln(P^N_c,2011); basket: ['01.11.31', '01.11.95', '01.11.1']; baseline_weights: 2015-2017",-2.2500420304032307
Алтайский край,2013,5.149726920599171,3,0.5610488766506038,"Z = sum(w^0_{Алтайский край}) * ln(P^N_c,2012); basket: ['01.11.31', '01.11.95', '01.11.1']; baseline_weights: 2015-2017",-1.7961479907830276
Алтайский край,2014,4.971072436719665,3,0.5610488766506038,"Z = sum(w^0_{Алтайский край}) * ln(P^N_c,2013); basket: ['01.11.31', '01.11.95', '01.11.1']; baseline_weights: 2015-2017",-2.036744971773325
Алтайский край,2015,5.085967008291758,3,0.5610488766506038,"Z = sum(w^0_{Алтайский край}) * ln(P^N_c,2014); basket: ['01.11.31', '01.11.95', '01.11.1']; baseline_weights: 2015-2017",-1.8820145309126124
Алтайский край,2016,5.215195651303911,3,0.5610488766506038,"Z = sum(w^0_{Алтайский край}) * ln(P^N_c,2015); basket: ['01.11.31', '01.11.95', '01.11.1']; baseline_weights: 2015-2017",-1.707980156342047
Алтайский край,2017,5.147838337926229,3,0.5610488766506038,"Z = sum(w^0_{Алтайский край}) * ln(P^N_c,2016); basket: ['01.11.31', '01.11.95', '01.11.1']; baseline_weights: 2015-2017",-1.798691376650504
Алтайский край,2018,5.028535630788638,3,0.5610488766506038,"Z = sum(w^0_{Алтайский край}) * ln(P^N_c,2017); basket: ['01.11.31', '01.11.95', '01.11.1']; baseline_weights: 2015-2017",-1.9593583273923254
Алтайский край,2019,5.241230034990602,3,0.5610488766506038,"Z = sum(w^0_{Алтайский край}) * ln(P^N_c,2018); basket: ['01.11.31', '01.11.95', '01.11.1']; baseline_weights: 2015-2017",-1.672919216471175
Алтайский край,2020,5.231022314680887,3,0.5610488766506038,"Z = sum(w^0_{Алтайский край}) * ln(P^N_c,2019); basket: ['01.11.31', '01.11.95', '01.11.1']; baseline_weights: 2015-2017",-1.6866661241108807
Алтайский край,2021,5.466255654879283,3,0.5610488766506038,"Z = sum(w^0_{Алтайский край}) * ln(P^N_c,2020); basket: ['01.11.31', '01.11.95', '01.11.1']; baseline_weights: 2015-2017",-1.3698734511759587
Алтайский край,2022,5.487730163144874,3,0.5610488766506038,"Z = sum(w^0_{Алтайский край}) * ln(P^N_c,2021); basket: ['01.11.31', '01.11.95', '01.11.1']; baseline_weights: 2015-2017",-1.3409533717872038
Алтайский край,2023,5.283314285612222,3,0.5610488766506038,"Z = sum(w^0_{Алтайский край}) * ln(P^N_c,2022); basket: ['01.11.31', '01.11.95', '01.11.1']; baseline_weights: 2015-2017",-1.6162436524051214
Алтайский край,2024,5.26615495398014,3,0.5610488766506038,"Z = sum(w^0_{Алтайский край}) * ln(P^N_c,2023); basket: ['01.11.31', '01.11.95', '01.11.1']; baseline_weights: 2015-2017",-1.6393524112609839
Алтайский край,2025,5.461857973072558,3,0.5610488766506038,"Z = sum(w^0_{Алтайский край}) * ln(P^N_c,2024); basket: ['01.11.31', '01.11.95', '01.11.1']; baseline_weights: 2015-2017",-1.3757958828053132
Белгородская область,2011,5.015813677926564,4,0.5771523759424864,"Z = sum(w^0_{Белгородская область}) * ln(P^N_c,2010); basket: ['01.11.31', '01.11.20', '01.11.95', '01.11.1']; baseline_weights: 2015-2017",-1.976491194054548
Белгородская область,2012,4.9496649238896335,4,0.5771523759424864,"Z = sum(w^0_{Белгородская область}) * ln(P^N_c,2011); basket: ['01.11.31', '01.11.20', '01.11.95', '01.11.1']; baseline_weights: 2015-2017",-2.0655748272886814
Белгородская область,2013,5.262208788944012,4,0.5771523759424864,"Z = sum(w^0_{Белгородская область}) * ln(P^N_c,2012); basket: ['01.11.31', '01.11.20', '01.11.95', '01.11.1']; baseline_weights: 2015-2017",-1.644666777704887
Белгородская область,2014,5.058589548008986,4,0.5771523759424864,"Z = sum(w^0_{Белгородская область}) * ln(P^N_c,2013); basket: ['01.11.31', '01.11.20', '01.11.95', '01.11.1']; baseline_weights: 2015-2017",-1.9188842144950247
Белгородская область,2015,5.1753105186848956,4,0.5771523759424864,"Z = sum(w^0_{Белгородская область}) * ln(P^N_c,2014); basket: ['01.11.31', '01.11.20', '01.11.95', '01.11.1']; baseline_weights: 2015-2017",-1.7616941314192407
Белгородская область,2016,5.319062117955708,4,0.5771523759424864,"Z = sum(w^0_{Белгородская область}) * ln(P^N_c,2015); basket: ['01.11.31', '01.11.20', '01.11.95', '01.11.1']; baseline_weights: 2015-2017",-1.5681014487949898
Белгородская область,2017,5.272223921228723,4,0.5771523759424864,"Z = sum(w^0_{Белгородская область}) * ln(P^N_c,2016); basket: ['01.11.31', '01.11.20', '01.11.95', '01.11.1']; baseline_weights: 2015-2017",-1.6311792315790075
Белгородская область,2018,5.145380803208749,4,0.5771523759424864,"Z = sum(w^0_{Белгородская область}) * ln(P^N_c,2017); basket: ['01.11.31', '01.11.20', '01.11.95', '01.11.1']; baseline_weights: 2015-2017",-1.8020009797506618
Белгородская область,2019,5.364956783941141,4,0.5771523759424864,"Z = sum(w^0_{Белгородская область}) * ln(P^N_c,2018); basket: ['01.11.31', '01.11.20', '01.11.95', '01.11.1']; baseline_weights: 2015-2017",-1.5062943346388147
Белгородская область,2020,5.34731382940819,4,0.5771523759424864,"Z = sum(w^0_{Белгородская область}) * ln(P^N_c,2019); basket: ['01.11.31', '01.11.20', '01.11.95', '01.11.1']; baseline_weights: 2015-2017",-1.5300543965426625
Белгородская область,2021,5.576123432905768,4,0.5771523759424864,"Z = sum(w^0_{Белгородская область}) * ln(P^N_c,2020); basket: ['01.11.31', '01.11.20', '01.11.95', '01.11.1']; baseline_weights: 2015-2017",-1.2219126772436744
Белгородская область,2022,5.616960511885532,4,0.5771523759424864,"Z = sum(w^0_{Белгородская область}) * ln(P^N_c,2021); basket: ['01.11.31', '01.11.20', '01.11.95', '01.11.1']; baseline_weights: 2015-2017",-1.1669167000835365
Белгородская область,2023,5.416553980173504,4,0.5771523759424864,"Z = sum(w^0_{Белгородская область}) * ln(P^N_c,2022); basket: ['01.11.31', '01.11.20', '01.11.95', '01.11.1']; baseline_weights: 2015-2017",-1.4368075276385313
Белгородская область,2024,5.383357085679387,4,0.5771523759424864,"Z = sum(w^0_{Белгородская область}) * ln(P^N_c,2023); basket: ['01.11.31', '01.11.20', '01.11.95', '01.11.1']; baseline_weights: 2015-2017",-1.4815143405888556
Белгородская область,2025,5.601357012935718,4,0.5771523759424864,"Z = sum(w^0_{Белгородская область}) * ln(P^N_c,2024); basket: ['01.11.31', '01.11.20', '01.11.95', '01.11.1']; baseline_weights: 2015-2017",-1.1879301930487756
Владимирская область,2011,6.4584861717847595,4,0.7350365715463065,"Z = sum(w^0_{Владимирская область}) * ln(P^N_c,2010); basket: ['01.11.31', '01.11.20', '01.11.95', '01.11.1']; baseline_weights: 2015-2017",-0.03362002148364449
Владимирская область,2012,6.347300838691601,4,0.7350365715463065,"Z = sum(w^0_{Владимирская область}) * ln(P^N_c,2011); basket: ['01.11.31', '01.11.20', '01.11.95', '01.11.1']; baseline_weights: 2015-2017",-0.18335516885703307
Владимирская область,2013,6.777269409986766,4,0.7350365715463065,"Z = sum(w^0_{Владимирская область}) * ln(P^N_c,2012); basket: ['01.11.31', '01.11.20', '01.11.95', '01.11.1']; baseline_weights: 2015-2017",0.3956906962559842
Владимирская область,2014,6.523387641048462,4,0.7350365715463065,"Z = sum(w^0_{Владимирская область}) * ln(P^N_c,2013); basket: ['01.11.31', '01.11.20', '01.11.95', '01.11.1']; baseline_weights: 2015-2017",0.05378387248866154
Владимирская область,2015,6.697896906691472,4,0.7350365715463065,"Z = sum(w^0_{Владимирская область}) * ln(P^N_c,2014); basket: ['01.11.31', '01.11.20', '01.11.95', '01.11.1']; baseline_weights: 2015-2017",0.2887984187614547
Владимирская область,2016,6.880156849421839,4,0.7350365715463065,"Z = sum(w^0_{Владимирская область}) * ln(P^N_c,2015); basket: ['01.11.31', '01.11.20', '01.11.95', '01.11.1']; baseline_weights: 2015-2017",0.5342509314784954
Владимирская область,2017,6.797392003314405,4,0.7350365715463065,"Z = sum(w^0_{Владимирская область}) * ln(P^N_c,2016); basket: ['01.11.31', '01.11.20', '01.11.95', '01.11.1']; baseline_weights: 2015-2017",0.4227901291904009
Владимирская область,2018,6.6392525470538875,4,0.7350365715463065,"Z = sum(w^0_{Владимирская область}) * ln(P^N_c,2017); basket: ['01.11.31', '01.11.20', '01.11.95', '01.11.1']; baseline_weights: 2015-2017",0.20982107895716268
Владимирская область,2019,6.896532664748813,4,0.7350365715463065,"Z = sum(w^0_{Владимирская область}) * ln(P^N_c,2018); basket: ['01.11.31', '01.11.20', '01.11.95', '01.11.1']; baseline_weights: 2015-2017",0.5563045158239177
Владимирская область,2020,6.8765891824835474,4,0.7350365715463065,"Z = sum(w^0_{Владимирская область}) * ln(P^N_c,2019); basket: ['01.11.31', '01.11.20', '01.11.95', '01.11.1']; baseline_weights: 2015-2017",0.5294462947523846
Владимирская область,2021,7.213245231587084,4,0.7350365715463065,"Z = sum(w^0_{Владимирская область}) * ln(P^N_c,2020); basket: ['01.11.31', '01.11.20', '01.11.95', '01.11.1']; baseline_weights: 2015-2017",0.9828266258112006
Владимирская область,2022,7.244610326410336,4,0.7350365715463065,"Z = sum(w^0_{Владимирская область}) * ln(P^N_c,2021); basket: ['01.11.31', '01.11.20', '01.11.95', '01.11.1']; baseline_weights: 2015-2017",1.0250665235124998
Владимирская область,2023,6.969125051177096,4,0.7350365715463065,"Z = sum(w^0_{Владимирская область}) * ln(P^N_c,2022); basket: ['01.11.31', '01.11.20', '01.11.95', '01.11.1']; baseline_weights: 2015-2017",0.6540658965531341
Владимирская область,2024,6.950325561369315,4,0.7350365715463065,"Z = sum(w^0_{Владимирская область}) * ln(P^N_c,2023); basket: ['01.11.31', '01.11.20', '01.11.95', '01.11.1']; baseline_weights: 2015-2017",0.6287483092545096
Владимирская область,2025,7.222148848171432,4,0.7350365715463065,"Z = sum(w^0_{Владимирская область}) * ln(P^N_c,2024); basket: ['01.11.31', '01.11.20', '01.11.95', '01.11.1']; baseline_weights: 2015-2017",0.9948172751560787
Воронежская область,2011,5.88427272538191,4,0.6727150160103363,"Z = sum(w^0_{Воронежская область}) * ln(P^N_c,2010); basket: ['01.11.31', '01.11.20', '01.11.95', '01.11.1']; baseline_weights: 2015-2017",-0.8069228720392339
Воронежская область,2012,5.792607882905585,4,0.6727150160103363,"Z = sum(w^0_{Воронежская область}) * ln(P^N_c,2011); basket: ['01.11.31', '01.11.20', '01.11.95', '01.11.1']; baseline_weights: 2015-2017",-0.9303694482675111
Воронежская область,2013,6.167474260528031,4,0.6727150160103363,"Z = sum(w^0_{Воронежская область}) * ln(P^N_c,2012); basket: ['01.11.31', '01.11.20', '01.11.95', '01.11.1']; baseline_weights: 2015-2017",-0.4255306288200282
Воронежская область,2014,5.930230190975788,4,0.6727150160103363,"Z = sum(w^0_{Воронежская область}) * ln(P^N_c,2013); basket: ['01.11.31', '01.11.20', '01.11.95', '01.11.1']; baseline_weights: 2015-2017",-0.7450311846001992
Воронежская область,2015,6.075492766486978,4,0.6727150160103363,"Z = sum(w^0_{Воронежская область}) * ln(P^N_c,2014); basket: ['01.11.31', '01.11.20', '01.11.95', '01.11.1']; baseline_weights: 2015-2017",-0.5494036450057309
Воронежская область,2016,6.24825897370562,4,0.6727150160103363,"Z = sum(w^0_{Воронежская область}) * ln(P^N_c,2015); basket: ['01.11.31', '01.11.20', '01.11.95', '01.11.1']; baseline_weights: 2015-2017",-0.31673650466133
Воронежская область,2017,6.187871095042732,4,0.6727150160103363,"Z = sum(w^0_{Воронежская область}) * ln(P^N_c,2016); basket: ['01.11.31', '01.11.20', '01.11.95', '01.11.1']; baseline_weights: 2015-2017",-0.39806187069299603
Воронежская область,2018,6.039315722784816,4,0.6727150160103363,"Z = sum(w^0_{Воронежская область}) * ln(P^N_c,2017); basket: ['01.11.31', '01.11.20', '01.11.95', '01.11.1']; baseline_weights: 2015-2017",-0.5981238747300773
Воронежская область,2019,6.2834634777134495,4,0.6727150160103363,"Z = sum(w^0_{Воронежская область}) * ln(P^N_c,2018); basket: ['01.11.31', '01.11.20', '01.11.95', '01.11.1']; baseline_weights: 2015-2017",-0.26932601040663623
Воронежская область,2020,6.261941212154642,4,0.6727150160103363,"Z = sum(w^0_{Воронежская область}) * ln(P^N_c,2019); basket: ['01.11.31', '01.11.20', '01.11.95', '01.11.1']; baseline_weights: 2015-2017",-0.2983104053407879
Воронежская область,2021,6.547978095285636,4,0.6727150160103363,"Z = sum(w^0_{Воронежская область}) * ln(P^N_c,2020); basket: ['01.11.31', '01.11.20', '01.11.95', '01.11.1']; baseline_weights: 2015-2017",0.08690024842375678
Воронежская область,2022,6.593239005099608,4,0.6727150160103363,"Z = sum(w^0_{Воронежская область}) * ln(P^N_c,2021); basket: ['01.11.31', '01.11.20', '01.11.95', '01.11.1']; baseline_weights: 2015-2017",0.14785387254583843
Воронежская область,2023,6.350453380594836,4,0.6727150160103363,"Z = sum(w^0_{Воронежская область}) * ln(P^N_c,2022); basket: ['01.11.31', '01.11.20', '01.11.95', '01.11.1']; baseline_weights: 2015-2017",-0.1791095879575614
Воронежская область,2024,6.321344910693049,4,0.6727150160103363,"Z = sum(w^0_{Воронежская область}) * ln(P^N_c,2023); basket: ['01.11.31', '01.11.20', '01.11.95', '01.11.1']; baseline_weights: 2015-2017",-0.21831045114071282
Воронежская область,2025,6.57294462693473,4,0.6727150160103363,"Z = sum(w^0_{Воронежская область}) * ln(P^N_c,2024); basket: ['01.11.31', '01.11.20', '01.11.95', '01.11.1']; baseline_weights: 2015-2017",0.12052309409843913
Краснодарский край,2011,6.063475574292729,4,0.6981536099551531,"Z = sum(w^0_{Краснодарский край}) * ln(P^N_c,2010); basket: ['01.11.31', '01.11.20', '01.11.95', '01.11.1']; baseline_weights: 2015-2017",-0.5655873986912323
Краснодарский край,2012,5.985157879010142,4,0.6981536099551531,"Z = sum(w^0_{Краснодарский край}) * ln(P^N_c,2011); basket: ['01.11.31', '01.11.20', '01.11.95', '01.11.1']; baseline_weights: 2015-2017",-0.6710591485960221
Краснодарский край,2013,6.380332417829612,4,0.6981536099551531,"Z = sum(w^0_{Краснодарский край}) * ln(P^N_c,2012); basket: ['01.11.31', '01.11.20', '01.11.95', '01.11.1']; baseline_weights: 2015-2017",-0.1388709888612623
Краснодарский край,2014,6.141834754268441,4,0.6981536099551531,"Z = sum(w^0_{Краснодарский край}) * ln(P^N_c,2013); basket: ['01.11.31', '01.11.20', '01.11.95', '01.11.1']; baseline_weights: 2015-2017",-0.4600597806564842
Краснодарский край,2015,6.294996006951145,4,0.6981536099551531,"Z = sum(w^0_{Краснодарский край}) * ln(P^N_c,2014); basket: ['01.11.31', '01.11.20', '01.11.95', '01.11.1']; baseline_weights: 2015-2017",-0.2537949604295014
Краснодарский край,2016,6.452793678007021,4,0.6981536099551531,"Z = sum(w^0_{Краснодарский край}) * ln(P^N_c,2015); basket: ['01.11.31', '01.11.20', '01.11.95', '01.11.1']; baseline_weights: 2015-2017",-0.04128619804685724
Краснодарский край,2017,6.378446700066778,4,0.6981536099551531,"Z = sum(w^0_{Краснодарский край}) * ln(P^N_c,2016); basket: ['01.11.31', '01.11.20', '01.11.95', '01.11.1']; baseline_weights: 2015-2017",-0.1414105165063875
Краснодарский край,2018,6.232075421296502,4,0.6981536099551531,"Z = sum(w^0_{Краснодарский край}) * ln(P^N_c,2017); basket: ['01.11.31', '01.11.20', '01.11.95', '01.11.1']; baseline_weights: 2015-2017",-0.33853116532015926
Краснодарский край,2019,6.498221808136117,4,0.6981536099551531,"Z = sum(w^0_{Краснодарский край}) * ln(P^N_c,2018); basket: ['01.11.31', '01.11.20', '01.11.95', '01.11.1']; baseline_weights: 2015-2017",0.01989262446994341
Краснодарский край,2020,6.483357911109419,4,0.6981536099551531,"Z = sum(w^0_{Краснодарский край}) * ln(P^N_c,2019); basket: ['01.11.31', '01.11.20', '01.11.95', '01.11.1']; baseline_weights: 2015-2017",-0.00012483421744257837
Краснодарский край,2021,6.771923172534237,4,0.6981536099551531,"Z = sum(w^0_{Краснодарский край}) * ln(P^N_c,2020); basket: ['01.11.31', '01.11.20', '01.11.95', '01.11.1']; baseline_weights: 2015-2017",0.38849082887620273
Краснодарский край,2022,6.797428668218185,4,0.6981536099551531,"Z = sum(w^0_{Краснодарский край}) * ln(P^N_c,2021); basket: ['01.11.31', '01.11.20', '01.11.95', '01.11.1']; baseline_weights: 2015-2017",0.42283950642944995
Краснодарский край,2023,6.55126548898653,4,0.6981536099551531,"Z = sum(w^0_{Краснодарский край}) * ln(P^N_c,2022); basket: ['01.11.31', '01.11.20', '01.11.95', '01.11.1']; baseline_weights: 2015-2017",0.09132743649419534
Краснодарский край,2024,6.5185150791892355,4,0.6981536099551531,"Z = sum(w^0_{Краснодарский край}) * ln(P^N_c,2023); basket: ['01.11.31', '01.11.20', '01.11.95', '01.11.1']; baseline_weights: 2015-2017",0.0472219119514212
Краснодарский край,2025,6.780724968480264,4,0.6981536099551531,"Z = sum(w^0_{Краснодарский край}) * ln(P^N_c,2024); basket: ['01.11.31', '01.11.20', '01.11.95', '01.11.1']; baseline_weights: 2015-2017",0.4003443546647584
Курская область,2011,5.908676193473548,4,0.6844971172325433,"Z = sum(w^0_{Курская область}) * ln(P^N_c,2010); basket: ['01.11.31', '01.11.20', '01.11.95', '01.11.1']; baseline_weights: 2015-2017",-0.7740583134732082
Курская область,2012,5.8508106308430525,4,0.6844971172325433,"Z = sum(w^0_{Курская область}) * ln(P^N_c,2011); basket: ['01.11.31', '01.11.20', '01.11.95', '01.11.1']; baseline_weights: 2015-2017",-0.8519868343246195
Курская область,2013,6.231094957362334,4,0.6844971172325433,"Z = sum(w^0_{Курская область}) * ln(P^N_c,2012); basket: ['01.11.31', '01.11.20', '01.11.95', '01.11.1']; baseline_weights: 2015-2017",-0.339851572496112
Курская область,2014,6.001781206462529,4,0.6844971172325433,"Z = sum(w^0_{Курская область}) * ln(P^N_c,2013); basket: ['01.11.31', '01.11.20', '01.11.95', '01.11.1']; baseline_weights: 2015-2017",-0.6486722355322843
Курская область,2015,6.127048930271306,4,0.6844971172325433,"Z = sum(w^0_{Курская область}) * ln(P^N_c,2014); basket: ['01.11.31', '01.11.20', '01.11.95', '01.11.1']; baseline_weights: 2015-2017",-0.47997209708938127
Курская область,2016,6.291899515380429,4,0.6844971172325433,"Z = sum(w^0_{Курская область}) * ln(P^N_c,2015); basket: ['01.11.31', '01.11.20', '01.11.95', '01.11.1']; baseline_weights: 2015-2017",-0.25796505740886755
Курская область,2017,6.232153296557559,4,0.6844971172325433,"Z = sum(w^0_{Курская область}) * ln(P^N_c,2016); basket: ['01.11.31', '01.11.20', '01.11.95', '01.11.1']; baseline_weights: 2015-2017",-0.338426289403824
Курская область,2018,6.082231826298429,4,0.6844971172325433,"Z = sum(w^0_{Курская область}) * ln(P^N_c,2017); basket: ['01.11.31', '01.11.20', '01.11.95', '01.11.1']; baseline_weights: 2015-2017",-0.5403280404637156
Курская область,2019,6.352570261055471,4,0.6844971172325433,"Z = sum(w^0_{Курская область}) * ln(P^N_c,2018); basket: ['01.11.31', '01.11.20', '01.11.95', '01.11.1']; baseline_weights: 2015-2017",-0.17625874964168994
Курская область,2020,6.335133093683969,4,0.6844971172325433,"Z = sum(w^0_{Курская область}) * ln(P^N_c,2019); basket: ['01.11.31', '01.11.20', '01.11.95', '01.11.1']; baseline_weights: 2015-2017",-0.19974167453393826
Курская область,2021,6.593635415833608,4,0.6844971172325433,"Z = sum(w^0_{Курская область}) * ln(P^N_c,2020); basket: ['01.11.31', '01.11.20', '01.11.95', '01.11.1']; baseline_weights: 2015-2017",0.14838772551029508
Курская область,2022,6.640764382833741,4,0.6844971172325433,"Z = sum(w^0_{Курская область}) * ln(P^N_c,2021); basket: ['01.11.31', '01.11.20', '01.11.95', '01.11.1']; baseline_weights: 2015-2017",0.2118570934835661
Курская область,2023,6.405349919710046,4,0.6844971172325433,"Z = sum(w^0_{Курская область}) * ln(P^N_c,2022); basket: ['01.11.31', '01.11.20', '01.11.95', '01.11.1']; baseline_weights: 2015-2017",-0.105179500723684
Курская область,2024,6.366153200124918,4,0.6844971172325433,"Z = sum(w^0_{Курская область}) * ln(P^N_c,2023); basket: ['01.11.31', '01.11.20', '01.11.95', '01.11.1']; baseline_weights: 2015-2017",-0.1579663784561542
Курская область,2025,6.61418247502322,4,0.6844971172325433,"Z = sum(w^0_{Курская область}) * ln(P^N_c,2024); basket: ['01.11.31', '01.11.20', '01.11.95', '01.11.1']; baseline_weights: 2015-2017",0.17605879371916122
Липецкая область,2011,6.15821797783336,4,0.7104683459438751,"Z = sum(w^0_{Липецкая область}) * ln(P^N_c,2010); basket: ['01.11.31', '01.11.20', '01.11.95', '01.11.1']; baseline_weights: 2015-2017",-0.4379962195131372
Липецкая область,2012,6.088213355923451,4,0.7104683459438751,"Z = sum(w^0_{Липецкая область}) * ln(P^N_c,2011); basket: ['01.11.31', '01.11.20', '01.11.95', '01.11.1']; baseline_weights: 2015-2017",-0.5322726144915635
Липецкая область,2013,6.487342205270139,4,0.7104683459438751,"Z = sum(w^0_{Липецкая область}) * ln(P^N_c,2012); basket: ['01.11.31', '01.11.20', '01.11.95', '01.11.1']; baseline_weights: 2015-2017",0.005240881356161411
Липецкая область,2014,6.248124956922111,4,0.7104683459438751,"Z = sum(w^0_{Липецкая область}) * ln(P^N_c,2013); basket: ['01.11.31', '01.11.20', '01.11.95', '01.11.1']; baseline_weights: 2015-2017",-0.3169169873047772
Липецкая область,2015,6.383103598437725,4,0.7104683459438751,"Z = sum(w^0_{Липецкая область}) * ln(P^N_c,2014); basket: ['01.11.31', '01.11.20', '01.11.95', '01.11.1']; baseline_weights: 2015-2017",-0.13513899359524575
Липецкая область,2016,6.559292674768262,4,0.7104683459438751,"Z = sum(w^0_{Липецкая область}) * ln(P^N_c,2015); basket: ['01.11.31', '01.11.20', '01.11.95', '01.11.1']; baseline_weights: 2015-2017",0.10213778182107466
Липецкая область,2017,6.495672908755029,4,0.7104683459438751,"Z = sum(w^0_{Липецкая область}) * ln(P^N_c,2016); basket: ['01.11.31', '01.11.20', '01.11.95', '01.11.1']; baseline_weights: 2015-2017",0.01645997904946026
Липецкая область,2018,6.3388799500097,4,0.7104683459438751,"Z = sum(w^0_{Липецкая область}) * ln(P^N_c,2017); basket: ['01.11.31', '01.11.20', '01.11.95', '01.11.1']; baseline_weights: 2015-2017",-0.19469572046326833
Липецкая область,2019,6.6117678693866715,4,0.7104683459438751,"Z = sum(w^0_{Липецкая область}) * ln(P^N_c,2018); basket: ['01.11.31', '01.11.20', '01.11.95', '01.11.1']; baseline_weights: 2015-2017",0.172807003930176
Липецкая область,2020,6.592281492611875,4,0.7104683459438751,"Z = sum(w^0_{Липецкая область}) * ln(P^N_c,2019); basket: ['01.11.31', '01.11.20', '01.11.95', '01.11.1']; baseline_weights: 2015-2017",0.14656437446660406
Липецкая область,2021,6.871813881518625,4,0.7104683459438751,"Z = sum(w^0_{Липецкая область}) * ln(P^N_c,2020); basket: ['01.11.31', '01.11.20', '01.11.95', '01.11.1']; baseline_weights: 2015-2017",0.5230153170879485
Липецкая область,2022,6.921788312852948,4,0.7104683459438751,"Z = sum(w^0_{Липецкая область}) * ln(P^N_c,2021); basket: ['01.11.31', '01.11.20', '01.11.95', '01.11.1']; baseline_weights: 2015-2017",0.5903167194633547
Липецкая область,2023,6.672059122733135,4,0.7104683459438751,"Z = sum(w^0_{Липецкая область}) * ln(P^N_c,2022); basket: ['01.11.31', '01.11.20', '01.11.95', '01.11.1']; baseline_weights: 2015-2017",0.2540022430323962
Липецкая область,2024,6.636530090202404,4,0.7104683459438751,"Z = sum(w^0_{Липецкая область}) * ln(P^N_c,2023); basket: ['01.11.31', '01.11.20', '01.11.95', '01.11.1']; baseline_weights: 2015-2017",0.2061547007889831
Липецкая область,2025,6.892975771574111,4,0.7104683459438751,"Z = sum(w^0_{Липецкая область}) * ln(P^N_c,2024); basket: ['01.11.31', '01.11.20', '01.11.95', '01.11.1']; baseline_weights: 2015-2017",0.5515143883053975
Ростовская область,2011,6.808454386553667,4,0.785247337916161,"Z = sum(w^0_{Ростовская область}) * ln(P^N_c,2010); basket: ['01.11.31', '01.11.20', '01.11.95', '01.11.1']; baseline_weights: 2015-2017",0.43768802568942805
Ростовская область,2012,6.731347308754588,4,0.785247337916161,"Z = sum(w^0_{Ростовская область}) * ln(P^N_c,2011); basket: ['01.11.31', '01.11.20', '01.11.95', '01.11.1']; baseline_weights: 2015-2017",0.33384663459423075
Ростовская область,2013,7.193860795556647,4,0.785247337916161,"Z = sum(w^0_{Ростовская область}) * ln(P^N_c,2012); basket: ['01.11.31', '01.11.20', '01.11.95', '01.11.1']; baseline_weights: 2015-2017",0.956721281652762
Ростовская область,2014,6.938966494774773,4,0.785247337916161,"Z = sum(w^0_{Ростовская область}) * ln(P^N_c,2013); basket: ['01.11.31', '01.11.20', '01.11.95', '01.11.1']; baseline_weights: 2015-2017",0.6134508643196386
Ростовская область,2015,7.100398218099741,4,0.785247337916161,"Z = sum(w^0_{Ростовская область}) * ln(P^N_c,2014); basket: ['01.11.31', '01.11.20', '01.11.95', '01.11.1']; baseline_weights: 2015-2017",0.8308536656635114
Ростовская область,2016,7.28056249059467,4,0.785247337916161,"Z = sum(w^0_{Ростовская область}) * ln(P^N_c,2015); basket: ['01.11.31', '01.11.20', '01.11.95', '01.11.1']; baseline_weights: 2015-2017",1.073483904229641
Ростовская область,2017,7.190782813850019,4,0.785247337916161,"Z = sum(w^0_{Ростовская область}) * ln(P^N_c,2016); basket: ['01.11.31', '01.11.20', '01.11.95', '01.11.1']; baseline_weights: 2015-2017",0.952576112216894
Ростовская область,2018,7.024074876461319,4,0.785247337916161,"Z = sum(w^0_{Ростовская область}) * ln(P^N_c,2017); basket: ['01.11.31', '01.11.20', '01.11.95', '01.11.1']; baseline_weights: 2015-2017",0.7280677451618996
Ростовская область,2019,7.323979939028681,4,0.785247337916161,"Z = sum(w^0_{Ростовская область}) * ln(P^N_c,2018); basket: ['01.11.31', '01.11.20', '01.11.95', '01.11.1']; baseline_weights: 2015-2017",1.1319549080840434
Ростовская область,2020,7.308884269823475,4,0.785247337916161,"Z = sum(w^0_{Ростовская область}) * ln(P^N_c,2019); basket: ['01.11.31', '01.11.20', '01.11.95', '01.11.1']; baseline_weights: 2015-2017",1.1116253179280502
Ростовская область,2021,7.633280765348569,4,0.785247337916161,"Z = sum(w^0_{Ростовская область}) * ln(P^N_c,2020); basket: ['01.11.31', '01.11.20', '01.11.95', '01.11.1']; baseline_weights: 2015-2017",1.5484955031723815
Ростовская область,2022,7.664751602370741,4,0.785247337916161,"Z = sum(w^0_{Ростовская область}) * ln(P^N_c,2021); basket: ['01.11.31', '01.11.20', '01.11.95', '01.11.1']; baseline_weights: 2015-2017",1.590877805661241
Ростовская область,2023,7.382530567537126,4,0.785247337916161,"Z = sum(w^0_{Ростовская область}) * ln(P^N_c,2022); basket: ['01.11.31', '01.11.20', '01.11.95', '01.11.1']; baseline_weights: 2015-2017",1.2108060186093037
Ростовская область,2024,7.353496847339075,4,0.785247337916161,"Z = sum(w^0_{Ростовская область}) * ln(P^N_c,2023); basket: ['01.11.31', '01.11.20', '01.11.95', '01.11.1']; baseline_weights: 2015-2017",1.171705822102177
Ростовская область,2025,7.632941876006298,4,0.785247337916161,"Z = sum(w^0_{Ростовская область}) * ln(P^N_c,2024); basket: ['01.11.31', '01.11.20', '01.11.95', '01.11.1']; baseline_weights: 2015-2017",1.5480391152280688
Самарская область,2011,6.413511182416132,4,0.7196024674434542,"Z = sum(w^0_{Самарская область}) * ln(P^N_c,2010); basket: ['01.11.31', '01.11.20', '01.11.95', '01.11.1']; baseline_weights: 2015-2017",-0.09418859176067554
Самарская область,2012,6.2628940766718095,4,0.7196024674434542,"Z = sum(w^0_{Самарская область}) * ln(P^N_c,2011); basket: ['01.11.31', '01.11.20', '01.11.95', '01.11.1']; baseline_weights: 2015-2017",-0.2970271667612401
Самарская область,2013,6.674627956689454,4,0.7196024674434542,"Z = sum(w^0_{Самарская область}) * ln(P^N_c,2012); basket: ['01.11.31', '01.11.20', '01.11.95', '01.11.1']; baseline_weights: 2015-2017",0.2574617346786994
Самарская область,2014,6.4070541405711285,4,0.7196024674434542,"Z = sum(w^0_{Самарская область}) * ln(P^N_c,2013); basket: ['01.11.31', '01.11.20', '01.11.95', '01.11.1']; baseline_weights: 2015-2017",-0.10288439799122936
Самарская область,2015,6.599497505498377,4,0.7196024674434542,"Z = sum(w^0_{Самарская область}) * ln(P^N_c,2014); basket: ['01.11.31', '01.11.20', '01.11.95', '01.11.1']; baseline_weights: 2015-2017",0.15628229969063853
Самарская область,2016,6.7965365981298,4,0.7196024674434542,"Z = sum(w^0_{Самарская область}) * ln(P^N_c,2015); basket: ['01.11.31', '01.11.20', '01.11.95', '01.11.1']; baseline_weights: 2015-2017",0.4216381407237787
Самарская область,2017,6.722332430960735,4,0.7196024674434542,"Z = sum(w^0_{Самарская область}) * ln(P^N_c,2016); basket: ['01.11.31', '01.11.20', '01.11.95', '01.11.1']; baseline_weights: 2015-2017",0.32170614791794777
Самарская область,2018,6.563444527710718,4,0.7196024674434542,"Z = sum(w^0_{Самарская область}) * ln(P^N_c,2017); basket: ['01.11.31', '01.11.20', '01.11.95', '01.11.1']; baseline_weights: 2015-2017",0.10772915160804532
Самарская область,2019,6.790756910582151,4,0.7196024674434542,"Z = sum(w^0_{Самарская область}) * ln(P^N_c,2018); basket: ['01.11.31', '01.11.20', '01.11.95', '01.11.1']; baseline_weights: 2015-2017",0.4138545388525302
Самарская область,2020,6.763217918442999,4,0.7196024674434542,"Z = sum(w^0_{Самарская область}) * ln(P^N_c,2019); basket: ['01.11.31', '01.11.20', '01.11.95', '01.11.1']; baseline_weights: 2015-2017",0.37676731761791343
Самарская область,2021,7.123730506062712,4,0.7196024674434542,"Z = sum(w^0_{Самарская область}) * ln(P^N_c,2020); basket: ['01.11.31', '01.11.20', '01.11.95', '01.11.1']; baseline_weights: 2015-2017",0.8622756480374505
Самарская область,2022,7.163109598237584,4,0.7196024674434542,"Z = sum(w^0_{Самарская область}) * ln(P^N_c,2021); basket: ['01.11.31', '01.11.20', '01.11.95', '01.11.1']; baseline_weights: 2015-2017",0.9153081299862553
Самарская область,2023,6.883083215802646,4,0.7196024674434542,"Z = sum(w^0_{Самарская область}) * ln(P^N_c,2022); basket: ['01.11.31', '01.11.20', '01.11.95', '01.11.1']; baseline_weights: 2015-2017",0.5381919180196927
Самарская область,2024,6.870738526995182,4,0.7196024674434542,"Z = sum(w^0_{Самарская область}) * ln(P^N_c,2023); basket: ['01.11.31', '01.11.20', '01.11.95', '01.11.1']; baseline_weights: 2015-2017",0.5215671191686111
Самарская область,2025,7.148961675312867,4,0.7196024674434542,"Z = sum(w^0_{Самарская область}) * ln(P^N_c,2024); basket: ['01.11.31', '01.11.20', '01.11.95', '01.11.1']; baseline_weights: 2015-2017",0.8962548855948846
Саратовская область,2011,6.776041762501986,4,0.7556836375280178,"Z = sum(w^0_{Саратовская область}) * ln(P^N_c,2010); basket: ['01.11.31', '01.11.20', '01.11.95', '01.11.1']; baseline_weights: 2015-2017",0.39403740285889527
Саратовская область,2012,6.59812992429952,4,0.7556836375280178,"Z = sum(w^0_{Саратовская область}) * ln(P^N_c,2011); basket: ['01.11.31', '01.11.20', '01.11.95', '01.11.1']; baseline_weights: 2015-2017",0.15444055522075978
Саратовская область,2013,7.035739699483416,4,0.7556836375280178,"Z = sum(w^0_{Саратовская область}) * ln(P^N_c,2012); basket: ['01.11.31', '01.11.20', '01.11.95', '01.11.1']; baseline_weights: 2015-2017",0.7437769573907702
Саратовская область,2014,6.749539148463346,4,0.7556836375280178,"Z = sum(w^0_{Саратовская область}) * ln(P^N_c,2013); basket: ['01.11.31', '01.11.20', '01.11.95', '01.11.1']; baseline_weights: 2015-2017",0.3583458893430715
Саратовская область,2015,6.971595000772899,4,0.7556836375280178,"Z = sum(w^0_{Саратовская область}) * ln(P^N_c,2014); basket: ['01.11.31', '01.11.20', '01.11.95', '01.11.1']; baseline_weights: 2015-2017",0.6573922189775356
Саратовская область,2016,7.175469380651264,4,0.7556836375280178,"Z = sum(w^0_{Саратовская область}) * ln(P^N_c,2015); basket: ['01.11.31', '01.11.20', '01.11.95', '01.11.1']; baseline_weights: 2015-2017",0.9319532556492303
Саратовская область,2017,7.089136477607008,4,0.7556836375280178,"Z = sum(w^0_{Саратовская область}) * ln(P^N_c,2016); basket: ['01.11.31', '01.11.20', '01.11.95', '01.11.1']; baseline_weights: 2015-2017",0.8156872914174822
Саратовская область,2018,6.925648733419285,4,0.7556836375280178,"Z = sum(w^0_{Саратовская область}) * ln(P^N_c,2017); basket: ['01.11.31', '01.11.20', '01.11.95', '01.11.1']; baseline_weights: 2015-2017",0.595515612395927
Саратовская область,2019,7.153244472620981,4,0.7556836375280178,"Z = sum(w^0_{Саратовская область}) * ln(P^N_c,2018); basket: ['01.11.31', '01.11.20', '01.11.95', '01.11.1']; baseline_weights: 2015-2017",0.9020226003488042
Саратовская область,2020,7.124929526571664,4,0.7556836375280178,"Z = sum(w^0_{Саратовская область}) * ln(P^N_c,2019); basket: ['01.11.31', '01.11.20', '01.11.95', '01.11.1']; baseline_weights: 2015-2017",0.8638903890074783
Саратовская область,2021,7.5261962097571615,4,0.7556836375280178,"Z = sum(w^0_{Саратовская область}) * ln(P^N_c,2020); basket: ['01.11.31', '01.11.20', '01.11.95', '01.11.1']; baseline_weights: 2015-2017",1.4042829414358566
Саратовская область,2022,7.55439068871569,4,0.7556836375280178,"Z = sum(w^0_{Саратовская область}) * ln(P^N_c,2021); basket: ['01.11.31', '01.11.20', '01.11.95', '01.11.1']; baseline_weights: 2015-2017",1.4422529177315073
Саратовская область,2023,7.2536426699943455,4,0.7556836375280178,"Z = sum(w^0_{Саратовская область}) * ln(P^N_c,2022); basket: ['01.11.31', '01.11.20', '01.11.95', '01.11.1']; baseline_weights: 2015-2017",1.0372305316604593
Саратовская область,2024,7.2476129471852575,4,0.7556836375280178,"Z = sum(w^0_{Саратовская область}) * ln(P^N_c,2023); basket: ['01.11.31', '01.11.20', '01.11.95', '01.11.1']; baseline_weights: 2015-2017",1.0291102031214154
Саратовская область,2025,7.546521075903275,4,0.7556836375280178,"Z = sum(w^0_{Саратовская область}) * ln(P^N_c,2024); basket: ['01.11.31', '01.11.20', '01.11.95', '01.11.1']; baseline_weights: 2015-2017",1.43165477855742
Ставропольский край,2011,7.007318130633481,4,0.8137764810351387,"Z = sum(w^0_{Ставропольский край}) * ln(P^N_c,2010); basket: ['01.11.31', '01.11.20', '01.11.95', '01.11.1']; baseline_weights: 2015-2017",0.7055011553408522
Ставропольский край,2012,6.949136067564301,4,0.8137764810351387,"Z = sum(w^0_{Ставропольский край}) * ln(P^N_c,2011); basket: ['01.11.31', '01.11.20', '01.11.95', '01.11.1']; baseline_weights: 2015-2017",0.6271463980559863
Ставропольский край,2013,7.428938528433818,4,0.8137764810351387,"Z = sum(w^0_{Ставропольский край}) * ln(P^N_c,2012); basket: ['01.11.31', '01.11.20', '01.11.95', '01.11.1']; baseline_weights: 2015-2017",1.273304395606047
Ставропольский край,2014,7.172669975661375,4,0.8137764810351387,"Z = sum(w^0_{Ставропольский край}) * ln(P^N_c,2013); basket: ['01.11.31', '01.11.20', '01.11.95', '01.11.1']; baseline_weights: 2015-2017",0.928183250136294
Ставропольский край,2015,7.327339259806177,4,0.8137764810351387,"Z = sum(w^0_{Ставропольский край}) * ln(P^N_c,2014); basket: ['01.11.31', '01.11.20', '01.11.95', '01.11.1']; baseline_weights: 2015-2017",1.1364789615513418
Ставропольский край,2016,7.505874060141789,4,0.8137764810351387,"Z = sum(w^0_{Ставропольский край}) * ln(P^N_c,2015); basket: ['01.11.31', '01.11.20', '01.11.95', '01.11.1']; baseline_weights: 2015-2017",1.3769147627116691
Ставропольский край,2017,7.412436224377903,4,0.8137764810351387,"Z = sum(w^0_{Ставропольский край}) * ln(P^N_c,2016); basket: ['01.11.31', '01.11.20', '01.11.95', '01.11.1']; baseline_weights: 2015-2017",1.2510804667741522
Ставропольский край,2018,7.241082667499164,4,0.8137764810351387,"Z = sum(w^0_{Ставропольский край}) * ln(P^N_c,2017); basket: ['01.11.31', '01.11.20', '01.11.95', '01.11.1']; baseline_weights: 2015-2017",1.0203157662655453
Ставропольский край,2019,7.565391408783501,4,0.8137764810351387,"Z = sum(w^0_{Ставропольский край}) * ln(P^N_c,2018); basket: ['01.11.31', '01.11.20', '01.11.95', '01.11.1']; baseline_weights: 2015-2017",1.4570677714063793
Ставропольский край,2020,7.553028249974722,4,0.8137764810351387,"Z = sum(w^0_{Ставропольский край}) * ln(P^N_c,2019); basket: ['01.11.31', '01.11.20', '01.11.95', '01.11.1']; baseline_weights: 2015-2017",1.440418098695662
Ставропольский край,2021,7.870238071573569,4,0.8137764810351387,"Z = sum(w^0_{Ставропольский край}) * ln(P^N_c,2020); basket: ['01.11.31', '01.11.20', '01.11.95', '01.11.1']; baseline_weights: 2015-2017",1.8676098699843553
Ставропольский край,2022,7.901380875899424,4,0.8137764810351387,"Z = sum(w^0_{Ставропольский край}) * ln(P^N_c,2021); basket: ['01.11.31', '01.11.20', '01.11.95', '01.11.1']; baseline_weights: 2015-2017",1.9095504053555572
Ставропольский край,2023,7.615814056848025,4,0.8137764810351387,"Z = sum(w^0_{Ставропольский край}) * ln(P^N_c,2022); basket: ['01.11.31', '01.11.20', '01.11.95', '01.11.1']; baseline_weights: 2015-2017",1.5249727947476512
Ставропольский край,2024,7.580353573200853,4,0.8137764810351387,"Z = sum(w^0_{Ставропольский край}) * ln(P^N_c,2023); basket: ['01.11.31', '01.11.20', '01.11.95', '01.11.1']; baseline_weights: 2015-2017",1.4772175684320343
Ставропольский край,2025,7.865177105915045,4,0.8137764810351387,"Z = sum(w^0_{Ставропольский край}) * ln(P^N_c,2024); basket: ['01.11.31', '01.11.20', '01.11.95', '01.11.1']; baseline_weights: 2015-2017",1.860794182900018
