rep_id,success,n_obs,event_rate,n_events,f_stat_naive,f_stat_cluster,n_clusters,gamma_hat,gamma_se,lambda_hat,gamma_ci_lo,gamma_ci_hi,gamma_covers_true,elapsed_sec
0,True,40000,0.029825,1193,37572.35399878047,45086.38349684801,32,0.5491236826438847,0.029848412089652714,0.335659359696207,0.49062079494816535,0.607626570339604,True,43.43
1,True,40000,0.028275,1131,37590.475078483054,79875.82825423098,32,0.45104059301232136,0.030945376669525102,0.4270789143378694,0.39038765474005216,0.5116935312845905,True,44.01
2,True,40000,0.02815,1126,37399.770321679374,25491.41830368329,32,0.45596967223480556,0.030617528121616548,0.39844770349873626,0.3959593171164371,0.5159800273531739,True,41.89
3,True,40000,0.029975,1199,37291.54314758317,64444.027604190866,32,0.5095376035443031,0.029739322686371868,0.33926992184934995,0.45124853107901425,0.567826676009592,True,41.52
4,True,40000,0.02925,1170,37531.045924027865,40487.44173187629,32,0.5035441981403531,0.03014529660921049,0.3184573507109108,0.4444594167863006,0.5626289794944057,True,41.71
5,True,40000,0.030025,1201,37046.87552631076,42474.67793671231,32,0.4828848493501857,0.029845908333800318,0.33738341422347884,0.4243868690159371,0.5413828296844343,True,41.12
6,True,40000,0.030775,1231,37306.681900251766,47198.52061201577,32,0.46376020690696634,0.030282760007636692,0.3851641657682394,0.40440599729199844,0.5231144165219342,True,44.5
7,True,40000,0.0294,1176,37332.570684256985,36671.38011495141,32,0.5669983370376199,0.030925434106565362,0.2874453645298131,0.5063844861887519,0.627612187886488,False,40.81
8,True,40000,0.029375,1175,37395.35344384061,51708.90166441145,32,0.5111469547431019,0.02991587268293747,0.33325682862641987,0.45251184428454444,0.5697820652016593,True,42.28
9,True,40000,0.030775,1231,37661.55566096475,59732.90680743643,32,0.47310564254539034,0.029462120253241682,0.33106574042408476,0.41535988684903663,0.530851398241744,True,41.87
10,True,40000,0.03025,1210,37317.42289343698,30534.079818229973,32,0.4515200624449831,0.029436590619939248,0.4243592779257482,0.3938243448299022,0.5092157800600641,True,44.56
11,True,40000,0.0302,1208,37185.14076793904,26744.977018060294,32,0.49056530379264124,0.029730496425251458,0.3520587791976062,0.4322935307991484,0.5488370767861341,True,41.75
12,True,40000,0.029025,1161,37389.648752459536,46266.10083273112,32,0.4496262544312639,0.030831521439855715,0.445093056217419,0.38919647240914673,0.5100560364533812,True,41.58
13,True,40000,0.0318,1272,38294.90333469866,41020.03869576434,32,0.47861712552461977,0.02883736125559593,0.38707968287844374,0.4220958974636517,0.5351383535855878,True,41.48
14,True,40000,0.029225,1169,37543.61655133193,42891.090332235384,32,0.4573725798592682,0.029335640080133552,0.38734181861657635,0.39987472530220647,0.51487043441633,True,41.39
15,True,40000,0.02975,1190,37877.46822190994,42870.10955153265,32,0.513862133486288,0.03044836725867716,0.3313768342236957,0.4541833336592807,0.5735409333132951,True,46.94
16,True,40000,0.029975,1199,37494.47652626779,61426.47540922821,32,0.4789728999865969,0.030111318227497623,0.3082347162792575,0.4199547162607016,0.5379910837124923,True,41.75
17,True,40000,0.0299,1196,38500.945858239684,68416.47768398859,32,0.5551935226355548,0.02925800143009466,0.29612795434913536,0.49784783983256925,0.6125392054385403,True,41.81
18,True,40000,0.03245,1298,37496.27554570164,56493.23502751102,32,0.5042012513607136,0.029746605962818834,0.3617571655462413,0.44589790367358867,0.5625045990478384,True,41.33
19,True,40000,0.02945,1178,37337.148906996765,21370.13646911012,32,0.49352290816592287,0.03127129782226337,0.3706922310035679,0.43223116443428666,0.5548146518975591,True,41.44
20,True,40000,0.030425,1217,37310.760258300135,42176.30619984184,32,0.4949791811642451,0.029340468792392483,0.400119472011699,0.43747186233115587,0.5524864999973343,True,41.52
21,True,40000,0.0296,1184,37136.89879382928,65754.05222538559,32,0.4652767056449702,0.0302111399607605,0.39858264669344007,0.4060628713218796,0.5244905399680608,True,41.23
22,True,40000,0.029725,1189,37483.84208025265,62528.44521208715,32,0.49942193272722796,0.030373969203907912,0.3719197112734957,0.4398889530875685,0.5589549123668874,True,45.06
23,True,40000,0.029,1160,37137.27008672315,43433.53782389874,32,0.43943878098189304,0.030297108656684203,0.39589337141060177,0.380056448014792,0.4988211139489941,False,41.7
24,True,40000,0.03035,1214,37606.75991216449,43765.29573796574,32,0.5081857619332703,0.029540658464456086,0.2889488599541197,0.4502860713429363,0.5660854525236042,True,41.55
25,True,40000,0.028825,1153,37342.03967180634,43541.16658238299,32,0.46852609190408656,0.0305668003870394,0.374614372431116,0.40861516314548935,0.5284370206626838,True,42.04
26,True,40000,0.03225,1290,37354.148428087305,32093.32963048365,32,0.4738266413023853,0.029319405154745903,0.3415572469060589,0.4163606071990833,0.5312926754056873,True,43.14
27,True,40000,0.03025,1210,37144.46990089849,26533.19480497119,32,0.526477339280769,0.030058042747684352,0.33959370334144456,0.4675635754953077,0.5853911030662303,True,43.84
28,True,40000,0.030075,1203,36751.499501918566,52926.89872526281,32,0.4763226300017143,0.030252303226221355,0.35288901167838804,0.4170281156783205,0.5356171443251082,True,42.16
29,True,40000,0.03095,1238,36758.90918446812,121221.43091481672,32,0.5256243940161103,0.030170308531286726,0.30278203100042134,0.4664905892947883,0.5847581987374323,True,41.55
30,True,40000,0.0302,1208,37150.99141800323,52000.65268477812,32,0.4766191405791104,0.02975661843937097,0.3433048382452813,0.4182961684379433,0.5349421127202775,True,41.6
31,True,40000,0.029775,1191,37876.35416557867,36407.30698252119,32,0.5010438031945913,0.03043089327541897,0.3132668608913884,0.4413992523747701,0.5606883540144125,True,41.75
32,True,40000,0.02845,1138,37046.69996681506,42127.87243925533,32,0.432041761741767,0.030668182785037745,0.356562366841747,0.371932123483093,0.492151400000441,False,42.07
33,True,40000,0.0293,1172,37997.61311131888,97184.85432561477,32,0.4771154856696378,0.03109483427397701,0.3874257960254287,0.41616961049264284,0.5380613608466327,True,41.74
34,True,40000,0.03045,1218,37497.52263254906,38827.21757394871,32,0.44221363873635583,0.03051425467413747,0.40787912610823207,0.3824056995750464,0.5020215778976652,True,41.67
35,True,40000,0.028525,1141,37321.479119284304,42103.966397688026,32,0.49465317802825065,0.03153399013168059,0.34409997759887273,0.4328465573701567,0.5564597986863447,True,42.36
36,True,40000,0.02815,1126,37655.306626521146,26233.164923735854,32,0.4815000751435358,0.030282338786126697,0.3691794741314591,0.4221466911227275,0.5408534591643441,True,41.89
37,True,40000,0.03045,1218,38141.27519552746,98955.04224103986,32,0.5048153806043388,0.028984649467407548,0.3913349255089642,0.44800546764822,0.5616252935604577,True,41.55
38,True,40000,0.031,1240,37668.54464052313,70546.44296534803,32,0.5046907904028318,0.02992722105989993,0.3348737218613084,0.446033437125428,0.5633481436802357,True,41.47
39,True,40000,0.029975,1199,37846.15622744516,42586.91321825444,32,0.48952799888015563,0.03016724943263721,0.3609235785678113,0.4304001899921867,0.5486558077681246,True,41.59
40,True,40000,0.0308,1232,37591.01277914467,72722.42088941488,32,0.46314272272191853,0.029268644574441706,0.37275502866488447,0.4057761793560128,0.5205092660878243,True,41.82
41,True,40000,0.030625,1225,36617.01376094297,77145.30871667476,32,0.5046015603242646,0.029567861716203944,0.3256868618045939,0.4466485513605049,0.5625545692880244,True,43.87
42,True,40000,0.030475,1219,38196.81263688749,32929.707486648374,32,0.518291723183774,0.029441012789293654,0.31774550692871745,0.46058733811675845,0.5759961082507896,True,42.48
43,True,40000,0.02945,1178,37934.55066507037,51054.4466457394,32,0.5251042057817256,0.03035830356745984,0.31196498604736844,0.4656019307895043,0.5846064807739468,True,41.65
44,True,40000,0.031625,1265,36015.34986948255,22872.622198397854,32,0.3921562607232574,0.02941604075479278,0.42856620761695585,0.3345008208438635,0.44981170060265124,False,41.53
45,True,40000,0.0298,1192,37810.85111048299,55564.08327744844,32,0.511897620110911,0.02965178229132817,0.30485515148387127,0.45378012681990776,0.5700151134019142,True,41.69
46,True,40000,0.0292,1168,38294.021432161106,48414.1444639308,32,0.5342419537758114,0.030541447260452517,0.24842631858385256,0.4743807171453245,0.5941031904062983,True,41.69
47,True,40000,0.03035,1214,37218.85335058201,69319.82874155082,32,0.4624356281314177,0.03077107683045581,0.36863511079594896,0.4021243175437243,0.522746938719111,True,41.52
48,True,40000,0.029275,1171,38228.42652109916,61663.96996658527,32,0.4554970248286416,0.02917943817633904,0.4704915096952773,0.39830532600301705,0.5126887236542661,True,41.49
49,True,40000,0.0314,1256,37954.38504374359,146975.21061229229,32,0.4827700084148203,0.028711976249622042,0.34384483080386047,0.4264945349655611,0.5390454818640795,True,42.38
50,True,40000,0.030325,1213,37562.91010002125,25481.720188307205,32,0.47643977266886767,0.03012681213531821,0.3155940659537747,0.417391220883644,0.5354883244540913,True,42.54
51,True,40000,0.03115,1246,37524.26625027593,75103.93884742797,32,0.4576187791631631,0.029116466528220652,0.33239224539230594,0.40055050476785065,0.5146870535584755,True,43.5
52,True,40000,0.0294,1176,37308.8328343118,39128.88269847376,32,0.5103011645838281,0.029766120974187474,0.33007754541373996,0.4519595674744207,0.5686427616932356,True,44.12
53,True,40000,0.03085,1234,37134.92785087779,42711.97921687507,32,0.4879761515761623,0.029681933621336226,0.3128023238451467,0.4297995616783433,0.5461527414739813,True,42.99
54,True,40000,0.02925,1170,37248.67985153315,41421.851832581415,32,0.48548976791048176,0.030711465819512663,0.31747638361796743,0.42529529490423695,0.5456842409167266,True,42.53
55,True,40000,0.0306,1224,36761.95667566708,41521.70789941053,32,0.4393496195334878,0.02976315896809066,0.4028966109862337,0.38101382795603006,0.4976854111109455,False,52.73
56,True,40000,0.0296,1184,37577.42925667152,69050.93866290341,32,0.5122730524129767,0.030191552220448326,0.3152365694205327,0.453097610060898,0.5714484947650554,True,41.45
57,True,40000,0.0303,1212,37536.930569562224,50742.33935765262,32,0.5049582091195585,0.03021793032034005,0.2974714066339482,0.44573106569169196,0.564185352547425,True,42.03
58,True,40000,0.029525,1181,36854.33093068178,38623.10691891938,32,0.5148238485821158,0.030542117356580453,0.2892920704726742,0.45496129856321815,0.5746863986010136,True,41.17
59,True,40000,0.0289,1156,36576.38490710081,47868.42010113436,32,0.49002663097693977,0.03104829558858678,0.39262986882261214,0.42917197162330967,0.5508812903305699,True,40.95
60,True,40000,0.0296,1184,37291.99902678338,81674.33568400155,32,0.48377292240817016,0.030992716286415686,0.2927721970368807,0.42302719848679543,0.5445186463295449,True,40.95
61,True,40000,0.029675,1187,37900.24988323077,42005.17442589793,32,0.528283370879299,0.029607129548837065,0.26718062833899603,0.4702533969635784,0.5863133447950196,True,41.03
62,True,40000,0.030225,1209,37465.80978011549,42058.88536138416,32,0.48154596065093097,0.028719926072477118,0.38818288405681917,0.4252549055488758,0.5378370157529861,True,41.69
63,True,40000,0.030575,1223,38151.389106389564,63462.83556649095,32,0.4643036438678083,0.029130148538858584,0.36486407761663664,0.40720855273164547,0.5213987350039712,True,41.01
64,True,40000,0.02915,1166,37041.258958768965,47519.95715445863,32,0.5058961337967585,0.03075801271586353,0.3983291957828681,0.445610428873666,0.566181838719851,True,41.29
65,True,40000,0.0297,1188,37427.80986109308,66292.68405732789,32,0.508136379107773,0.029437055257097916,0.3554857946162412,0.45043975080386106,0.5658330074116849,True,41.35
66,True,40000,0.0301,1204,37591.63720007759,35989.892249030476,32,0.4527553321106758,0.02979698824653705,0.42956367731934514,0.3943532351474632,0.5111574290738884,True,41.11
67,True,40000,0.0292,1168,37816.903427144265,41984.26269833004,32,0.5012315991545798,0.030476993847853247,0.3014335898582611,0.44149669121278745,0.5609665070963722,True,41.37
68,True,40000,0.0298,1192,37680.65014526649,93381.76480116899,32,0.46908951992984843,0.029699912094858377,0.3846556097899314,0.410877692223926,0.5273013476357709,True,40.94
69,True,40000,0.0297,1188,37295.97603579278,117251.68521727674,32,0.5416307477262455,0.03070487913628819,0.33229216949208157,0.4814491846191207,0.6018123108333704,True,41.22
70,True,40000,0.03065,1226,38324.09379154695,40519.68867538923,32,0.4997967760346022,0.029708775435493526,0.3216708938743483,0.4415675761810349,0.5580259758881695,True,41.32
71,True,40000,0.029875,1195,37776.64853643327,33650.72789727868,32,0.5372181281249575,0.02958469432547392,0.284892646256634,0.4792321272470286,0.5952041290028864,True,41.16
72,True,40000,0.03185,1274,37897.44723286587,104746.4322173109,32,0.4971507978498691,0.02928449317821909,0.3379661386694467,0.43975319122055967,0.5545484044791785,True,41.21
73,True,40000,0.029625,1185,37696.54288156557,50510.484795554104,32,0.487588559172401,0.03105633062194449,0.4021052074545205,0.42671815115338985,0.5484589671914122,True,41.14
74,True,40000,0.03045,1218,37566.66114423099,60172.44348323418,32,0.506999926595542,0.029979846776597867,0.3052453625685894,0.44823942691341023,0.5657604262776739,True,40.79
75,True,40000,0.0295,1180,37489.08777483875,73181.70945312691,32,0.4899984537073568,0.03052053328587437,0.3999744679504915,0.430178208467043,0.5498186989476705,True,41.41
76,True,40000,0.030175,1207,37015.22282974756,29842.398082365795,32,0.4889612266251449,0.03032461822772833,0.34710798541183335,0.4295249748987974,0.5483974783514924,True,41.18
77,True,40000,0.028925,1157,37694.617567918984,32965.626451098644,32,0.49954103452506665,0.03027513370862083,0.38338673757759467,0.4402017724561698,0.5588802965939634,True,41.29
78,True,40000,0.029025,1161,37550.221725962154,53623.34505465792,32,0.5831189740557389,0.03102039933712104,0.3198813851415363,0.5223189913549816,0.6439189567564961,False,41.27
79,True,40000,0.02985,1194,37258.70097437725,41395.70995745967,32,0.47143418888745797,0.030110825887832215,0.41185582968162776,0.4124169701473068,0.5304514076276091,True,41.22
80,True,40000,0.030075,1203,37741.35133828101,42061.25762770912,32,0.46541535693579705,0.029661862278980437,0.3327633400465022,0.4072781068689954,0.5235526070025988,True,41.16
81,True,40000,0.030025,1201,37855.76971915096,66323.40278199984,32,0.47881506259290174,0.029455587161825468,0.37238352923572465,0.42108211175572385,0.5365480134300796,True,41.38
82,True,40000,0.029125,1165,38065.68136418988,55977.807973739866,32,0.4497594443433054,0.029545975656270217,0.39281252055194443,0.3918493320570158,0.507669556629595,True,41.11
83,True,40000,0.030225,1209,37904.284033898395,41884.18217672755,32,0.5524937494908423,0.030132661450092118,0.32518646454612654,0.4934337330486617,0.6115537659330228,True,41.15
84,True,40000,0.0292,1168,37559.11484949472,76074.4415837126,32,0.453801605285408,0.030013306225885543,0.4221823870462979,0.39497552508267236,0.5126276854881437,True,41.37
85,True,40000,0.02925,1170,37884.491421783845,76487.61705968206,32,0.5293007658513299,0.030476586723971865,0.32271209302813836,0.46956665587234503,0.5890348758303148,True,41.33
86,True,40000,0.028575,1143,37871.42846501917,33649.30842292068,32,0.44606224702297165,0.030703780185070372,0.42908752253752797,0.3858828378602337,0.5062416561857096,True,41.18
87,True,40000,0.03075,1230,37265.35479546186,33673.79134546882,32,0.4805405563008469,0.029758911415410372,0.3676681632484232,0.4222130899266426,0.5388680226750513,True,41.28
88,True,40000,0.030775,1231,37118.186499558586,26745.198952358853,32,0.42524059635780886,0.02964741290713194,0.42076761575544314,0.36713166705983025,0.4833495256557875,False,41.23
89,True,40000,0.0301,1204,38319.172567825284,86753.8820111202,32,0.4938683425047683,0.03039215325026108,0.3626611020201894,0.4342997221342566,0.55343696287528,True,41.26
90,True,40000,0.032475,1299,37329.22625102462,28580.670259769176,32,0.4974616469129687,0.029329947913521785,0.3139619420082697,0.439974949002466,0.5549483448234713,True,41.77
91,True,40000,0.02975,1190,36705.030766587566,25108.091968722438,32,0.4615393580987732,0.030134164418500278,0.3809423098693749,0.4024763958385127,0.5206023203590338,True,41.09
92,True,40000,0.02975,1190,37266.007425852804,37889.23387455865,32,0.5284843910154,0.029529824466492893,0.37783095509681563,0.47060593506107395,0.5863628469697261,True,41.29
93,True,40000,0.02975,1190,37738.585696072754,35171.69425928537,32,0.4982023975355463,0.03019677405521303,0.36513097455513915,0.43901672038732875,0.5573880746837638,True,41.26
94,True,40000,0.02885,1154,36728.322676963195,66091.27690853656,32,0.5501356503383328,0.03188345874111201,0.25764812248540925,0.48764407120575326,0.6126272294709123,True,41.23
95,True,40000,0.0301,1204,37677.768919911985,30510.715992155005,32,0.5093429388533663,0.029675345191559902,0.3373685249845405,0.45117926227790894,0.5675066154288237,True,41.36
96,True,40000,0.0299,1196,37621.84166900918,26966.75528436573,32,0.4888959464183908,0.029709607568817988,0.3031570856942402,0.4306651155835075,0.5471267772532741,True,41.24
97,True,40000,0.031125,1245,37680.206810531425,44181.24125872944,32,0.45729202511179246,0.028631386501088256,0.3507915725071401,0.40117450756965944,0.5134095426539255,True,41.44
98,True,40000,0.02825,1130,37476.953148784756,27796.442066994132,32,0.5029220025547063,0.030890236414208624,0.3592769120390379,0.4423771391828574,0.5634668659265553,True,40.92
99,True,40000,0.0303,1212,37451.99414405066,47987.99207912591,32,0.506643529055047,0.02960930601935348,0.333030986555902,0.44860928925711413,0.5646777688529798,True,46.11
